idOrganizacion,IdProducto,PrdFechaRegistro,PrdTipoCertificacion,PrdProductoProcesoServicio,PrdDocumentoNormativo,PrdEsquemaCertificacion,PrdDivisionNace,PrdCodigoCpa,PrdVigenteApartirDe
30,CP-1,--,Productos,"Eficiencia energética para Hornos Microondas","RTE INEN 123:2014 Eficiencia Energética para Hornos microondas,IEC 60335-2-25:2020. Aparatos electrodomésticos y similares. Seguridad. Parte 2-25: Requisitos particulares para hornos microondas, incluidos los hornos microondas combinados","1a,5",--,--,--
30,CP-2,--,Productos,"Eficiencia energética en televisiones","RTE INEN 117:2014 Eficiencia Energética en Televisiones. Reporte de consumo de energía, Método de ensayo y etiquetado,IEC 62301:2011 Household electrical appliances. Measurement of standby power","5,1a",--,--,--
5,CP-3,--,Procesos,"Best  Aquaculture Practices Límite Territorial: Mundial","Requirements for Certification Bodies Offering Certification Against the Criteria of the Global Aquaculture Alliance Best Aquaculture Practices Standards Issue 14.10 18 August 2021,Finfish and Crustacean Farm Standard (FCFS) Issue 2.4 23 May 2017,BAP Farm Standard Issue 3.1 (07-02-2023),Salmon Farms Issue 2.4 (25-01-2023),BAP Mollusk Farm Standard Issue 1.2 (25-01-2023)",6,--,--,--
5,CP-4,--,Procesos,"GLOBALG.A.P. Limitación Territorial: Mundial","GLOBALG.A.P Aseguramiento Integrado de Fincas, IFA V5.4-1 GFS  Puntos de Control y Criterios de Cumplimento, V5.4-1 GFS",6,--,--,--
5,CP-5,--,Procesos,"GLOBALG.A.P. Limitación Territorial: Mundial","GLOBALG.A.P Aseguramiento Integrado de Fincas, IFA V5.4-1 GFS  Puntos de Control y Criterios de Cumplimento, V5.4-1 GFS",6,--,--,--
5,CP-6,--,Procesos,"GLOBALG.A.P. Limitación Territorial: Mundial","GLOBALG.A.P Aseguramiento Integrado de Fincas, IFA V5.2  Puntos de Control y Criterios de Cumplimento, V5.2",6,--,--,--
5,CP-7,--,Procesos,"GLOBALG.A.P. Limitación Territorial: Mundial","GLOBALG.A.P Aseguramiento Integrado de Fincas, IFA V5.2  Puntos de Control y Criterios de Cumplimento, V5.2",6,--,--,--
5,CP-8,--,Procesos,"Best  Aquaculture Practices Límite Territorial: Mundial","Requirements for Certification Bodies Offering Certification Against the Criteria of the Global Aquaculture Alliance Best Aquaculture Practices Standards Issue 14.10 18 August 2021,Feed Mills Issue 3.1 31 May 2022",6,--,--,--
5,CP-9,--,Procesos,"Best  Aquaculture Practices Límite Territorial: Mundial","Requirements for Certification Bodies Offering Certification Against the Criteria of the Global Aquaculture Alliance Best Aquaculture Practices Standards Issue 14.10 18 August 2021,Finfish, Crustacean and Mollusk Hatcheries andNurseries Issue 2.1 Enero 2023",6,--,--,--
319,CP-10,--,Procesos,"Producción Orgánica","Instructivo de la Normativa General para Promover y Regular la Producción Orgánica - Ecológica - Biológica en el Ecuador. Resolución DAJ 20133ec 0201.0099, emitida el 30 de septiembre de 2013",6,--,--,--
319,CP-11,--,Procesos,"Producción Orgánica","Instructivo de la Normativa General para Promover y Regular la Producción Orgánica - Ecológica - Biológica en el Ecuador. Resolución DAJ 20133ec 0201.0099, emitida el 30 de septiembre de 2013",6,--,--,--
319,CP-12,--,Procesos,"Producción Orgánica","Instructivo de la Normativa General para Promover y Regular la Producción Orgánica - Ecológica - Biológica en el Ecuador. Resolución DAJ 20133ec 0201.0099, emitida el 30 de septiembre de 2013",6,--,--,--
319,CP-13,--,Procesos,"Producción Orgánica","Instructivo de la Normativa General para Promover y Regular la Producción Orgánica - Ecológica - Biológica en el Ecuador. Resolución DAJ 20133ec 0201.0099, emitida el 30 de septiembre de 2013",6,--,--,--
319,CP-14,--,Procesos,"Producción Orgánica","Instructivo de la Normativa General para Promover y Regular la Producción Orgánica - Ecológica - Biológica en el Ecuador. Resolución DAJ 20133ec 0201.0099, emitida el 30 de septiembre de 2013",6,--,--,--
319,CP-15,--,Procesos,"Producción Orgánica","Instructivo de la Normativa General para Promover y Regular la Producción Orgánica - Ecológica - Biológica en el Ecuador. Resolución DAJ 20133ec 0201.0099, emitida el 30 de septiembre de 2013",6,--,--,--
777,CP-16,--,Productos,"Cocinas que utilizan combustibles gaseosos","RTE INEN 005 (2R):2020 Artefactos de uso doméstico para cocinar, que utilizan combustibles gaseosos,NTE INEN 2259:2013 Artefactos de uso doméstico para cocinar, que utilizan combustibles gaseosos. Requisitos e inspección","1a,5",--,--,--
777,CP-17,--,Productos,"Cocinas que utilizan combustibles gaseosos","Resolución No. 0899 del 31 de agosto de 2021. Ministerio de Comercio, Industria y Turismo de la República de Colombia. Reglamento Técnico para algunos Gasodomésticos que se fabriquen nacionalmente o importen, para ser comercializados en Colombia","1a,1b,5",--,--,--
777,CP-18,--,Productos,"Eficiencia energética en gasodomésticos para cocción de alimentos","Resolución Nro. 41012 del Ministerio de Minas y Energía de la República de Colombia del 18 de septiembre de 2015 y el Anexo General Reglamento Técnico de Etiquetado RETIQ,Resolución Nro. 40298 del 28 de marzo del 2018 publicada por el Ministerio de Minas y Energía de la República de Colombia,Resolución Nro. 40993 del 28 de septiembre del 2018 publicada por el Ministerio de Minas y Energía de la República de Colombia,Resolución Nro. 40247 de 31 de agosto de 2020 publicada por el Ministerio de Minas y Energía de la República de Colombia,Resolución Nro. 40099 de 26 de marzo de 2021 publicada por el Ministerio de Minas y Energía de la República de Colombia","1b,5",--,--,--
777,CP-19,--,Productos,"Refrigeradores y Congeladores","RTE INEN 009:2020 (1R). Artefactos de uso doméstico para producción de frío.,NTE INEN 2206 (4R):2019 Aparatos de refrigeración domésticos. Requisitos y métodos de ensayo","1a,5",--,--,--
777,CP-20,--,Productos,"Refrigeradores y Congeladores","RTE INEN 009:2020 (1R). Artefactos de uso doméstico para producción de frío.,NTE INEN IEC 62552:2014 Artefactos domésticos de refrigeración-Características y métodos de ensayo","1a,5",--,--,--
777,CP-21,--,Productos,"Refrigeradores y Congeladores","RTE INEN 035 (1R): 2020. Eficiencia energética en artefactos de refrigeración de uso doméstico. Reporte de consumo de energía, métodos de prueba y etiquetado","1a,5",--,--,--
777,CP-22,--,Productos,"Eficiencia energética en aparatos de refrigeración","Resolución Nro. 41012 del Ministerio de Minas y Energía de la República de Colombia del 18 de septiembre de 2015 y el Anexo General Reglamento Técnico de Etiquetado RETIQ,Resolución Nro. 40298 del 28 de marzo del 2018 publicada por el Ministerio de Minas y Energía de la República de Colombia,Resolución Nro. 40993 del 28 de septiembre del 2018 publicada por el Ministerio de Minas y Energía de la República de Colombia,Resolución Nro. 40247 de 31 de agosto de 2020 publicada por el Ministerio de Minas y Energía de la República de Colombia,Resolución Nro. 40099 de 26 de marzo de 2021 publicada por el Ministerio de Minas y Energía de la República de Colombia","1b,5",--,--,--
777,CP-23,--,Productos,"Eficiencia energética en aparatos de refrigeración","Reglamento Técnico sobre “Etiquetado de eficiencia energética para equipos energéticos”
Decreto Supremo Nº 009-2017- EM del 7 de abril del 2017: República del Perú","1b,5",--,--,--
777,CP-24,--,Productos,Neumáticos,"RTE INEN 011:2013 (1R). Neumáticos,NTE INEN 2100:2013 (2R) Neumáticos. Neumáticos tipo I y tipo IV. Requisitos","1b,5",--,--,--
777,CP-25,--,Productos,Neumáticos,"RTE INEN 011:2013 (1R). Neumáticos,NTE INEN 2099:2017 Neumáticos. Neumáticos tipo II y tipo III. Requisitos","1b,5",--,--,--
777,CP-26,--,Productos,Neumáticos,"Norma COVENIN 663:1996. Automotriz. Neumáticos para automóviles de pasajeros","1b,5",--,--,--
777,CP-27,--,Productos,Neumáticos,"Norma COVENIN 1352:1997. Automotriz. Neumáticos de uso normal en servicio de carreteras para vehículos diferentes a los automóviles de pasajeros","1b,5",--,--,--
777,CP-28,--,Productos,Neumáticos,"Resolución 481 del 04.03.2009 del Ministerio de Comercio, Industria y Turismo de Colombia","1b,5",--,--,--
777,CP-29,--,Productos,Cerámicas,"ISO 13006:2018 Baldosas cerámicas — Definiciones, clasificación, características y rotulado,NTE INEN -ISO 13006:2021 Baldosas Cerámicas - Definiciones, clasificación, caracteristicas y rotulado","1b,5",--,--,--
777,CP-30,--,Productos,Cerámicas,"Resolución 180 del 21.01.2013 del Ministerio de Comercio, Industria y Turismo de Colombia","1b,5",--,--,--
777,CP-31,--,Productos,"Perfiles de Acero","RTE INEN 018:2020 (3R) Perfiles abiertos de acero conformados en frío y perfiles de acero laminados en caliente,NTE INEN 1623:2015 (4R). Perfiles abiertos de acero conformados en frio negros o galvanizados para uso estructural. Requisitos e inspección","1a,1b,5",--,--,--
777,CP-32,--,Productos,"Perfiles de Acero","RTE INEN 018:2020 (3R) Perfiles abiertos de acero conformados en frío y perfiles de acero laminados en caliente,NTE INEN 2215:2012 (1R). Perfiles de acero laminados en caliente. Requisitos","1b,5",--,--,--
777,CP-33,--,Productos,"Perfiles de Acero","NTE INEN 2224:2013. (1R) Perfiles angulares estructurales de acero al carbono, laminados en caliente. Requisitos e inspección","1b,5",--,--,--
777,CP-34,--,Productos,"Perfiles de Acero","NTE INEN 2234:2016 (1R). Perfiles estructurales T de acero laminados en caliente. Tolerancias y métodos de ensayo","1b,5",--,--,--
777,CP-35,--,Productos,"Placas de acero","RTE INEN 025:2015 (2R). Paneles de acero,NTE INEN 2397:2015 (1R). Placa colaborante de acero. Requisitos y métodos de ensayo","1b,5",--,--,--
777,CP-36,--,Productos,"Placas de acero","RTE INEN 025:2015 (2R). Paneles de acero,NTE INEN 2221:2016 (3R) Paneles de acero. Requisitos y métodos de ensayo","1b,5",--,--,--
777,CP-37,--,Productos,"Tubos y accesorios de PVC","RTE INEN 030:2013 (1R). Tubos y accesorios plásticos,NTE INEN 1373:2017 (4R) Tubería plástica. Tubos y accesorios de poli (cloruro de vinilo) (PVC) no plastificado para presión. Requisitos","1b,5",--,--,--
777,CP-38,--,Productos,"Tubos y accesorios de PVC","RTE INEN 030:2013 (1R). Tubos y accesorios plásticos,NTE INEN 1374:2009 (2R) Tubería plástica. Tubería de PVC rígido para usos sanitarios en sistemas a gravedad. Requisitos","1b,5",--,--,--
777,CP-39,--,Productos,"Tubos y accesorios de PVC","RTE INEN 030:2013 (1R). Tubos y accesorios plásticos,NTE INEN 1869:1999 (1R) Tubos de cloruro de polivinilo rígido (PVC) para canalizaciones telefónicas y eléctricas. Requisitos","1b,5",--,--,--
777,CP-40,--,Productos,"Tubos y accesorios de PVC","RTE INEN 030:2013 (1R). Tubos y accesorios plásticos,NTE INEN 2059:2010 (4R) Tubos perfilados de PVC rígido de pared estructurada e interior lisa y accesorios para alcantarillado. Requisitos","1b,5",--,--,--
777,CP-41,--,Productos,"Tubos y accesorios de PVC","RTE INEN 030:2013 (1R). Tubos y accesorios plásticos,NTE INEN 2227:1999. Tubos de cloruro de polivinilo rígido (PVC) de pared estructurada e interior lisa y accesorios para canalizaciones telefónicas y eléctricas. Requisitos","1b,5",--,--,--
777,CP-42,--,Productos,"Tubos y accesorios de PVC","RTE INEN 030:2013 (1R). Tubos y accesorios plásticos,NTE INEN 2474:2009. Tubería plástica. Tubos de PVC rígido para uso en ventilación de sistemas sanitarios. Requisitos","1b,5",--,--,--
777,CP-43,--,Productos,"Tubos y accesorios de PVC","RTE INEN 030:2013 (1R). Tubos y accesorios plásticos,NTE INEN 2497:2009. Tubería plástica. Tubos de PVC rígido unión por rosca, para conducción de agua potable a presión. Cédula 80. Requisitos","1b,5",--,--,--
777,CP-44,--,Productos,Cementos,"RTE INEN 007: 2020 (2R) Cemento, cal y yeso para la construcción,NTE INEN 2380:2011 (2R) Cementos Hidráulicos. Requisitos de desempeño para cementos hidráulicos","1b,5",--,--,--
777,CP-45,--,Productos,Cementos,"RTE INEN 007: 2020 (2R) Cemento, cal y yeso para la construcción,NTE INEN 490:2011 (5R) Cementos Hidráulicos compuestos. Requisitos","1b,5",--,--,--
777,CP-46,--,Productos,"Aceites lubricantes","RTE INEN 014 (1R):2014. Aceites lubricantes,NTE INEN 2027:2011 (2R) Productos derivados de petróleo. Aceites lubricantes para motores de combustión interna de ciclo Otto","1b,5",--,--,--
777,CP-47,--,Productos,"Aceites lubricantes","RTE INEN 014 (1R):2014. Aceites lubricantes,NTE INEN 2030:2011. (2R) Productos derivados del petróleo. Aceites lubricantes para motores de combustión interna de ciclo de diesel. Requisitos","1b,5",--,--,--
777,CP-48,--,Productos,Leche,"RTE INEN 076:2014 (1R). Leche y productos lácteos.,NTE INEN 701:2009 (2R) Leche larga vida. Requisitos. Fe de erratas 2010-03-08","1b,5",--,--,--
777,CP-49,--,Productos,Leche,"RTE INEN 076:2014 (1R). Leche y productos lácteos.,NTE INEN 708:2009. (2R) Bebida de leche con ingredientes. Requisitos","1b,5",--,--,--
777,CP-50,--,Productos,"Vidrios de seguridad","NTE INEN 1669:2011. Vidrios de seguridad para automotores","1b,5",--,--,--
777,CP-51,--,Productos,"Vidrios de seguridad","NTE INEN 2067:1996. Vidrios de seguridad para edificaciones. Requisitos","1b,5",--,--,--
777,CP-52,--,Productos,"Vidrios de seguridad","NTE INEN 2479:2008. Paneles de vidrio templado de seguridad para uso en artefactos domésticos. Requisitos e inspección","1b,5",--,--,--
777,CP-53,--,Productos,"Vidrios de seguridad","Resolución 935 del 21.04.2008 del Ministerio de Comercio, Industria y Turismo de Colombia","1b,5",--,--,--
777,CP-54,--,Productos,"Fundiciones de hierro gris y nodular","RTE INEN 062:2014 (2R). Productos de fundiciones de hierro gris y nodular","1b,5",--,--,--
777,CP-55,--,Productos,"Fundiciones de hierro gris y nodular","NTE INEN 2499:2009 Fundición Nodular (Hierro Dúctil). Requisitos","1b,5",--,--,--
777,CP-56,--,Productos,"Fundiciones de hierro gris y nodular","NTE INEN EN 124-1:2019 Dispositivos de cubrimiento de cierre para zonas de circulación utilizadas por peatones y vehículos. parte 1: Definiciones, clasificación, principios generales de diseño, requisitos de comportamiento y métodos de ensayo","1b,5",--,--,--
777,CP-57,--,Productos,"Fundiciones de hierro gris y nodular","NTE INEN 2481:2016 (1R) Fundiciones de hierro gris. Requisitos","1b,5",--,--,--
777,CP-58,--,Productos,Alambre,"NTE INEN 2201:1998 Alambre de acero galvanizado. Requisitos e inspección","1b,5",--,--,--
777,CP-59,--,Productos,Alambre,"RTE INEN 045:2014 (2R). Productos de alambre,NTE INEN 884:2015 (3R) Productos de alambre. Alambre con púas. Requisitos","1b,5",--,--,--
777,CP-60,--,Productos,Alambre,"NTE INEN 1324:2015 (1R) Alambrón de acero al carbono para trefilar o laminar en frío. Requisitos","1b,5",--,--,--
777,CP-61,--,Productos,"Varillas de acero","NTE INEN 2167: 2020 (4R) Varillas de acero corrugadas y lisas de baja aleación para refuerzo de hormigón","1b,5",--,--,--
777,CP-62,--,Productos,"Varillas de acero","RTE INEN 16:2020 (5R) Productos de acero para refuerzo de hormigón armado","1b,5",--,--,--
777,CP-63,--,Productos,"Barras corrugadas","Resolución 1856 de 4 de octubre de 2017. Reglamento técnico aplicable a barras corrugadas de baja aleación para refuerzo de concreto en construcciones sismoresistentes que se fabriquen, importen o se comercialicen en Colombia","1b,5",--,--,--
777,CP-64,--,Productos,Clavos,"RTE INEN 045:2014 (2R). Productos de alambre,NTE INEN 626:2016 (3R) Productos de alambre. Clavos de acero de uso general. Requisitos","1b,5",--,--,--
777,CP-65,--,Productos,Grapas,"RTE INEN 045:2014 (2R). Productos de alambre,NTE INEN 625:2009 (1R) Productos de alambre. Grapas. Requisitos","1b,5",--,--,--
777,CP-66,--,Productos,"Tubos de acero","RTE INEN 027:2014. (2R) Tubos de acero al carbono soldados,NTE INEN 2415:2016 (2R) Tubos de acero al carbono soldados para aplicaciones estructurales y usos generales. Requisitos","1b,5",--,--,--
777,CP-67,--,Productos,Azúcar,"NTE INEN 259:2017 (2R) Azúcar blanco. Requisitos","1b,5",--,--,--
777,CP-68,--,Productos,Sal,"NTE INEN 57:2015 (4R) Sal para consumo humano. Requisitos","1b,5",--,--,--
777,CP-69,--,Productos,Harina,"NTE INEN 616:2015 (4R) Harina de trigo. Requisitos","1b,5",--,--,--
777,CP-70,--,Productos,Helados,"NTE INEN 706:2013 (2R) Helados. Requisitos","1b,5",--,--,--
777,CP-71,--,Productos,Gelatina,"NTE INEN 1521:2019 (3R) Mezcla en polvo para preparar postre de gelatina. Requisitos","1b,5",--,--,--
777,CP-72,--,Productos,"Aceites vegetales","NTE INEN 34:2012(2R) Mezclas de aceites vegetales comestibles. Requisitos","1b,5",--,--,--
777,CP-73,--,Productos,Margarina,"NTE INEN 276:2013. Margarina de mesa. Requisitos","1b,5",--,--,--
777,CP-74,--,Productos,"Salsa de tomate","NTE INEN 1026:2017 (3R) Salsa de tomate. Requisitos","1b,5",--,--,--
777,CP-75,--,Productos,"Pasta dental","NTE INEN 1602:2017 (1R) Productos cosméticos. Pasta dental. Requisitos.","1b,5",--,--,--
777,CP-76,--,Productos,Sanitarios,"NTE INEN 3082:2018. Aparatos Sanitarios. Requisitos y métodos de ensayo","1b,5",--,--,--
777,CP-77,--,Productos,"Cables eléctricos","NTE INEN 335:2017 (2R) Conductores de aluminio 1350 cableado concéntrico para uso eléctrico. Requisitos y métodos de ensayo.","1b,5",--,--,--
777,CP-78,--,Productos,"Transformadores eléctricos","RTE INEN 141:2018 (1R) Requisitos de seguridad y eficiencia energética para transformadores de distribución,NTE INEN 2120:1998. Transformadores. Requisitos","1b,5",--,--,--
777,CP-79,--,Productos,"Materiales de fricción","RTE INEN 053:2013 (1R) Material de fricción para el sistema de frenos de automotores,NTE INEN 2185:2017 (4R) Material de fricción para el sistema de frenos de automotores. Requisitos y métodos de ensayo.","1b,5",--,--,--
777,CP-80,--,Productos,"Materiales de fricción","Resolución 4983 del 13.12.2011 del Ministerio de Comercio Industrial y Turismo de Colombia","1b,5",--,--,--
777,CP-81,--,Productos,Pinturas,"RTE INEN 061:2013 (1R) Pinturas,NTE INEN 1544:2018 (3R) Pinturas arquitectónicas. Pintura en emulsión base agua  (látex). Requisitos","1b,5",--,--,--
777,CP-82,--,Productos,"Tableros de madera","RTE INEN 243:2014. Tableros de madera contrachapada,NTE INEN 900:2003. Tableros de madera contrachapada. Requisitos","1b,5",--,--,--
777,CP-83,--,Productos,Detergentes,"RTE INEN 088:2014. Agentes de tensión superficial,NTE INEN 843:2015 (2R) Agentes tensoactivos. Detergente en barra. Requisitos","1b,5",--,--,--
777,CP-84,--,Productos,Detergentes,"RTE INEN 088:2014. Agentes de tensión superficial,NTE INEN 849:2015 (1R) Agentes tensoactivos. Detergente en polvo para uso doméstico. Requisitos","1b,5",--,--,--
777,CP-85,--,Productos,"Tubos de polietileno","RTE INEN 030:2013 (1R). Tubos y accesorios plásticos,NTE INEN 1744:2009 (1R) Tubos de polietileno para conducción de agua a presión. Requisitos","1b,5",--,--,--
777,CP-86,--,Productos,Juguetes,"RTE INEN 089:2014 Seguridad de los Juguetes","1b,5",--,--,--
777,CP-87,--,Productos,Juguetes,"Resolución número 3388 del 2008-09-08","1b,5",--,--,--
777,CP-88,--,Productos,"Ollas de presión","RTE INEN 051 (1R):2013 Ollas a presión para uso doméstico","1b,5",--,--,--
777,CP-89,--,Productos,"Ollas de presión","Resolución número 0942 del 16 mayo 2018 Reglamento técnico RTC003MDE para Ollas de Presión de uso doméstico que se importen o produzcan nacionalmente para su comercialización en Colombia","1b,5",--,--,--
777,CP-90,--,Productos,"Conductores eléctricos","Reglamento Técnico de Instalaciones eléctrica (RETIE) Resolución 90708 del 30.08.2013, Apartado 20.2","1b,5",--,--,--
777,CP-91,--,Productos,Lámparas,"RTE INEN 036 (1R):2013 Eficiencia Energética. Lámparas fluorescentes compactas. Rangos de desempeño energético y etiquetado","1a,1b,5",--,--,--
777,CP-92,--,Productos,"Productos cerámicos","RTE INEN 010 (1R):2013 Productos cerámicos. Vajilla y demás artículos de uso doméstico, higiene o tocador,NTE INEN 1805:2019. Productos cerámicos semivitrificados y no vitrificados. Vajilla y demás artículos de uso doméstico, higiene o tocador. Requisitos","1b,5",--,--,--
777,CP-93,--,Productos,Pañales,"NTE INEN 2040:2012 (3R) Pañales absorbentes desechables. Pañales para infantes. Requisitos","1b,5",--,--,--
777,CP-94,--,Productos,Pañales,"NTE INEN 2351:2013 (2R) Productos absorbentes desechables. Incontinencia","1b,5",--,--,--
777,CP-95,--,Productos,"Toallas sanitarias","NTE INEN 2036:2013. Productos absorbentes desechables. Higiene personal femenina. Requisitos","1b,5",--,--,--
777,CP-96,--,Productos,"Láminas de asbesto cemento","RTE INEN 019:2008. Láminas onduladas de asbesto cemento,NTE INEN 1320:2016 (2R) Láminas onduladas de crisólitocemento. Requisitos e inspección","1b,5",--,--,--
777,CP-97,--,Productos,Cerámicas,"Resolución 1900 del 21.07.2008 del Ministerio de Protección Social y Ministerio de Comercio, Industria y Turismo de Colombia","1b,5",--,--,--
777,CP-98,--,Productos,"Productos cerámicos","NTC 3537:1993, Utensilios de cerámica empleados en la cocción en contacto con los alimentos.
Liberación de plomo y de cadmio. Límites permisibles y métodos de
ensayo.","1b,5",--,--,--
19,CP-99,--,Productos,"Cortadoras de pelo y similares","RTE INEN 191:2014 Cortadoras de pelo y aparatos similares",1a,--,--,--
19,CP-100,--,Productos,"Ollas a presión para uso doméstico","RTE INEN 051 (2R):2021 Ollas a presión para uso doméstico",1b,--,--,--
19,CP-101,--,Productos,Aspiradoras,"RTE INEN 197(1R):2020 Aspiradoras",1a,--,--,--
19,CP-102,--,Productos,"Aparatos para cuidado de la piel o del Cabello","RTE INEN 179:2014 Aparatos para Cuidado de la piel o del cabello",1a,--,--,--
19,CP-103,--,Productos,"Aparatos eléctricos para cocción de uso doméstico y de uso comercial","RTE INEN 208 (1R):2018 Seguridad de aparatos eléctricos para cocción",1a,--,--,--
19,CP-104,--,Productos,"Alfombras y demas revestimientos para el suelo, de material textil","RTE INEN 127 (1R):2015 Alfombras y demás revestimientos para el suelo, de material textil",1b,--,--,--
19,CP-105,--,Productos,"Aparatos eléctricos para calentar líquidos, para cocción de alimentos y similares","RTE INEN 227:2016 Aparatos eléctricos para calentar líquidos, para cocción de alimentos y similares",1a,--,--,--
19,CP-106,--,Productos,"Recipientes para uso doméstico para cocción","RTE INEN 252:2015 Recipientes de Uso Doméstico para cocción fabricados en aluminio, hierro y acero",1b,--,--,--
19,CP-107,--,Productos,"Ventiladores con motor incorporado de potencia inferior o igual a 125W","RTE INEN 112 (1R):2017 Eficiencia energética para ventiladores con motor eléctrico incorporado de potencia inferior o igual a 125 W",1a,--,--,--
19,CP-108,--,Productos,"Vajillas en vidrio y en vitrocerámica, recipientes de vidrio en contacto con alimentos","RTE INEN 200 (1R):2015 Vajillas en vidrio y en vitrocerámica, recipientes de vidrio en contacto con alimentos",1b,--,--,--
19,CP-109,--,Productos,"Artículos de vidrio, cerámica y vitrocerámica, las vajillas de vidrio, cerámica y vitrocerámica en contacto con alimentos, y los artículos de cerámica empleados en la cocción de los alimentos","Resolución 1440 del 20 de septiembre de 2021 del Ministerio de Salud y Protección Social de Colombia. Reglamento técnico para los artículos de vidrio, cerámica y vitrocerámica, las vajillas de vidrio, cerámica y vitrocerámica en contacto con alimentos, y los de cerámica empleados en la cocción de los alimentos, que se fabriquen e importen para comercialización en el territorio nacional,Resolución 734 del 09 de mayo de 2022 del Ministerio de Salud y Protección Social de Colombia. Por la cual se modifican los artículos 2, 5 y 11 de la Resolución 1440 de 20 de septiembre 2021.",1b,--,--,--
19,CP-110,--,Productos,"Máquinas eléctricas de cocina para uso doméstico y aparatos similares","RTE INEN 203 (1R):2020. Máquinas con motor para uso en la cocina",1a,--,--,--
30,CP-111,--,Productos,"Televisores con sintonizador del estándar de televisión digital ISDBT Internacional","RTE INEN 083 (1R):2017 Televisores con sintonizador del estándar de televisión digital ISDB-T Internacional. Fe de erratas 2017-06-09,ABNT NBR 15604:2007 Televisión digital terrestre — Receptores","1a,5",--,--,--
30,CP-112,--,Productos,"Seguridad y eficiencia térmica de calentadores de agua a gas","RTE INEN 109 (1R):2016. Seguridad y eficiencia térmica de calentadores de agua a gas,NTE INEN 2187:2011 Calentadores de agua a gas de paso tipo instantáneo para uso doméstico. Requisitos e inspección,NTE INEN 2603:2012 Calentadores de agua a gas. Requisitos e inspección","1b,1a,5",--,--,--
30,CP-113,--,Productos,"Eficiencia energética acondicionadores de aire sin ductos","RTE INEN 072:2017 (1R) Eficiencia energética para acondicionadores de aire sin ductos,NTE INEN 2495:2012 Eficiencia energética para acondicionadores de aire sin ductos. Requisitos",1a,--,--,--
30,CP-114,--,Productos,"Eficiencia energética de lavadoras electrodomésticas de ropa","RTE INEN 077:2013 Eficiencia energética de lavadoras electrodomésticas de ropa. Límites, métodos de ensayo y etiquetado,NTE INEN 2659:2013 Aparatos electrodomésticos y similares, lavadoras eléctricas de ropa. métodos de ensayo para el consumo de energía, el consumo de agua y la capacidad volumétrica","1a,1b",--,--,--
30,CP-115,--,Productos,"Eficiencia energética en hornos eléctricos","RTE INEN 122:2014 Eficiencia Energética en Hornos eléctricos. Reporte de consumo de energía y etiquetado",1a,--,--,--
30,CP-116,--,Productos,"Aparatos de uso doméstico para producción de frío","RTE INEN 009 (1R):2019 Aparatos de uso doméstico para producción de frío,NTE INEN 2206 (4R):2019 Aparatos de refrigeración domésticos. Requisitos y métodos de ensayo,NTE INEN IEC 62552:2014 Artefactos domésticos de refrigeración-Características y métodos de ensayo","1a,5",--,--,--
30,CP-117,--,Productos,"Eficiencia energética en artefactos de refrigeración de uso doméstico. Reporte de consumo de energía, métodos de prueba y etiquetado","RTE INEN 035 (1R): 2020. Eficiencia energética en artefactos de refrigeración de uso doméstico. Reporte de consumo de energía, métodos de prueba y etiquetado,NTE INEN 2206 (4R):2019 Aparatos de refrigeración domésticos. Requisitos y métodos de ensayo,NTE INEN IEC 62552:2014 Artefactos domésticos de refrigeración-Características y métodos de ensayo","1a,5",--,--,--
30,CP-118,--,Productos,"Artefactos de uso doméstico para cocinar que usan combustibles gaseosos","RTE INEN 005 (2R):2020 Artefactos de uso doméstico para cocinar, que utilizan combustibles gaseosos,NTE INEN 2259:2013 Artefactos de uso doméstico para cocinar, que utilizan combustibles gaseosos. Requisitos e inspección","1a,5,1b",--,--,--
30,CP-119,--,Productos,"Planchas Eléctricas","RTE INEN 147:2014 Planchas Eléctricas,IEC 60335-2-3:2012 + Amd 1:2015 Seguridad de artefactos electrodomésticos y artefactos eléctricos similares. Requisitos particulares para planchas eléctricas,IEC 60335-1:2020 CMV Household and similar electrical appliances - Safety - Part 1: General requirements","1a,5",--,--,--
30,CP-120,--,Productos,"Maquina con motor para uso en la cocina","RTE INEN 203 (1R):2020. Máquinas con motor para uso en la cocina,IEC 60335-2-14:2016+Amd 1:2019. Aparatos electrodomésticos y análogos. Seguridad. Parte 2-14: Requisitos particulares para máquinas de cocina","1a,5",--,--,--
30,CP-121,--,Productos,"Eficiencia energética y etiquetado de máquinas lavadoras-Secadoras de ropa","RTE INEN 124:2015 Eficiencia energética y etiquetado de máquinas lavadoras-secadoras de ropa,UNE-EN 50229:2016 Lavadoras-secadoras de ropa eléctricas para uso doméstico. Método de
medida de la aptitud para la función.,IEC 60456:2010/AMD1:2022 Lavadoras eléctricas para uso doméstico. Método de medida de la aptitud para la función.",1a,--,--,--
382,CP-122,--,Procesos,"Producción Orgánica","Instructivo de la Normativa General para Promover y Regular la Producción Orgánica - Ecológica - Biológica en el Ecuador. Resolución DAJ 20133ec 0201.0099, emitida el 30 de septiembre de 2013",6,--,--,--
382,CP-123,--,Procesos,"Producción Orgánica","Instructivo de la Normativa General para Promover y Regular la Producción Orgánica - Ecológica - Biológica en el Ecuador. Resolución DAJ 20133ec 0201.0099, emitida el 30 de septiembre de 2013",6,--,--,--
382,CP-124,--,Procesos,"Producción Orgánica","Instructivo de la Normativa General para Promover y Regular la Producción Orgánica - Ecológica - Biológica en el Ecuador. Resolución DAJ 20133ec 0201.0099, emitida el 30 de septiembre de 2013",6,--,--,--
30,CP-125,--,Productos,"Aparatos eléctricos para calentar líquidos, para cocción de alimentos y similares","RTE INEN 227:2016 Aparatos eléctricos para calentar líquidos, para cocción de alimentos y similares,IEC 60335-2-15:2012 + AMD1:2016+AMD2:2018. Aparatos electrodomésticos y análogos. Seguridad. Parte 2-15: Requisitos particulares para aparatos de calentamiento de líquidos,IEC 60335-2-9:2019. Aparatos electrodomésticos y análogos. Seguridad. Parte 2-9: Requisitos particulares para tostadores de pan, parrillas y aparatos de cocción  móviles análogos,IEC 60335-2-13:2009 + AMD1:2016. Aparatos electrodomésticos y análogos. Seguridad. Parte 2-13: Requisitos particulares para freidoras, sartenes y aparatos análogos,IEC 60335-1:2020 CMV Household and similar electrical appliances - Safety - Part 1: General requirements","1a,5",--,--,--
382,CP-126,--,Procesos,"Producción Orgánica","Instructivo de la Normativa General para Promover y Regular la Producción Orgánica - Ecológica - Biológica en el Ecuador. Resolución DAJ 20133ec 0201.0099, emitida el 30 de septiembre de 2013",6,--,--,--
382,CP-127,--,Procesos,"Producción Orgánica","Instructivo de la Normativa General para Promover y Regular la Producción Orgánica - Ecológica - Biológica en el Ecuador. Resolución DAJ 20133ec 0201.0099, emitida el 30 de septiembre de 2013",6,--,--,--
382,CP-128,--,Procesos,"Producción Orgánica","Instructivo de la Normativa General para Promover y Regular la Producción Orgánica - Ecológica - Biológica en el Ecuador. Resolución DAJ 20133ec 0201.0099, emitida el 30 de septiembre de 2013",6,--,--,--
382,CP-129,--,Procesos,"Producción Orgánica","Instructivo de la Normativa General para Promover y Regular la Producción Orgánica - Ecológica - Biológica en el Ecuador. Resolución DAJ 20133ec 0201.0099, emitida el 30 de septiembre de 2013",6,--,--,--
382,CP-130,--,Procesos,"Producción Orgánica","Instructivo de la Normativa General para Promover y Regular la Producción Orgánica - Ecológica - Biológica en el Ecuador. Resolución DAJ 20133ec 0201.0099, emitida el 30 de septiembre de 2013",6,--,--,--
170,CP-131,--,Productos,"Plásticos en contacto con alimentos","RTE INEN 100:2014 Materiales y artículos plásticos destinados a estar en contacto con los alimentos",5,--,--,--
182,CP-132,--,Productos,"Aparatos de uso doméstico para producción de frío","RTE INEN 009 (1R):2019 Aparatos de uso doméstico para producción de frío,NTE INEN 2206 (4R):2019 Aparatos de refrigeración domésticos. Requisitos y métodos de ensayo,IEC 62552-1:2015+AMD1:2020 Household refrigerating appliances - Characteristics and test methods,NTE INEN ISO 9227:2018, Ensayos de corrosión en atmósferas artificiales – Ensayos de niebla salina (ISO 9227:2017, IDT),ISO 10289:1999, Methods for corrosion testing of metallic and other inorganic coatings on metallic substrates - Rating of test specimens and manufactured articles subjected to corrosion tests",1a,--,--,--
182,CP-133,--,Productos,"Eficiencia energética en artefactos de refrigeración de uso doméstico. Reporte de consumo de energía, métodos de prueba y etiquetado","RTE INEN 035 (1R): 2020. Eficiencia energética en artefactos de refrigeración de uso doméstico. Reporte de consumo de energía, métodos de prueba y etiquetado,NTE INEN 2206 (4R):2019 Aparatos de refrigeración domésticos. Requisitos y métodos de ensayo,IEC 62552-1:2015+AMD1:2020 Household refrigerating appliances - Characteristics and test methods",1a,--,--,--
182,CP-134,--,Productos,"Eficiencia energética en televisiones","RTE INEN 117:2014 Eficiencia Energética en Televisiones. Reporte de consumo de energía, Método de ensayo y etiquetado,IEC 62301:2011 Household electrical appliances. Measurement of standby power",1a,--,--,--
182,CP-135,--,Productos,"Aparatos eléctricos para calentar líquidos, para cocción de alimentos y similares","RTE INEN 227:2016 Aparatos eléctricos para calentar líquidos, para cocción de alimentos y similares,IEC 60335-1:2020 CMV Household and similar electrical appliances - Safety - Part 1: General requirements,IEC 60335-2-9:2019. Aparatos electrodomésticos y análogos. Seguridad. Parte 2-9: Requisitos particulares para tostadores de pan, parrillas y aparatos de cocción  móviles análogos,IEC 60335-2-13:2021 Household and similar electrical appliances - Safety - Part 2-13: Particular requirements for deep fat fryers, frying pans and similar appliances,IEC 60335-2-15:2012 + AMD1:2016+AMD2:2018. Aparatos electrodomésticos y análogos. Seguridad. Parte 2-15: Requisitos particulares para aparatos de calentamiento de líquidos",1a,--,--,--
182,CP-136,--,Productos,Neumáticos,"RTE INEN 011:2013 (1R). Neumáticos,NTE INEN 2099:2017 Neumáticos. Neumáticos tipo II y tipo III. Requisitos,NTE INEN 2100:2013 (2R) Neumáticos. Neumáticos tipo I y tipo IV. Requisitos",1b,--,--,--
182,CP-137,--,Productos,"Aceites lubricantes","RTE INEN 014 (1R):2014. Aceites lubricantes",1b,--,--,--
182,CP-138,--,Productos,"Neumáticos Reencauchados","RTE INEN 067:2012 Reencauche de neumáticos,NTE INEN 2099:2017 Neumáticos. Neumáticos tipo II y tipo III. Requisitos,NTE INEN 2100:2013 (2R) Neumáticos. Neumáticos tipo I y tipo IV. Requisitos,NTE INEN 2582:2011. Neumáticos reencauchados. Proceso de Reencauche. Requisitos",5,--,--,--
182,CP-139,--,Productos,"Batería de plomo ácido para vehículos automotores","RTE INEN 115 (2R):2020 Baterías de plomo ácido para vehículos de automotores","1a,1b",--,--,--
182,CP-140,--,Productos,"Baldosas Cerámicas","ISO 13006:2018 Baldosas cerámicas — Definiciones, clasificación, características y rotulado",1b,--,--,--
182,CP-141,--,Productos,"Material de fricción para el sistema de frenos de automotores","RTE INEN 053:2013 (1R) Material de fricción para el sistema de frenos de automotores",1b,--,--,--
170,CP-142,--,Productos,"Artefactos de uso doméstico para cocinar, que utilizan combustibles gaseosos","RTE INEN 005 (2R):2020 Artefactos de uso doméstico para cocinar, que utilizan combustibles gaseosos,NTE INEN 2259:2013 Artefactos de uso doméstico para cocinar, que utilizan combustibles gaseosos. Requisitos e inspección","1a,1b,5",--,--,--
170,CP-143,--,Productos,"Artefactos de uso doméstico para producción de frío","RTE INEN 009 (1R):2019 Aparatos de uso doméstico para producción de frío,NTE INEN 2206 (4R):2019 Aparatos de refrigeración domésticos. Requisitos y métodos de ensayo,NTE INEN IEC 62552:2014 Artefactos domésticos de refrigeración-Características y métodos de ensayo","1a,5",--,--,--
170,CP-144,--,Productos,"Vajilla cerámica","RTE INEN 010 (1R):2013 Productos cerámicos. Vajilla y demás artículos de uso doméstico, higiene o tocador,NTE INEN 1804:2006. Productos cerámicos vitrificados. Vajilla y demás artículos de uso doméstico, higiene o tocador. Requisitos,NTE INEN 1805:2019. Productos cerámicos semivitrificados y no vitrificados. Vajilla y demás artículos de uso doméstico, higiene o tocador. Requisitos","1a,1b,5",--,--,--
170,CP-145,--,Productos,"Eficiencia energética en artefactos de uso doméstico para producción de frío","RTE INEN 035 (1R): 2020. Eficiencia energética en artefactos de refrigeración de uso doméstico. Reporte de consumo de energía, métodos de prueba y etiquetado,NTE INEN 2206 (4R):2019 Aparatos de refrigeración domésticos. Requisitos y métodos de ensayo,NTE INEN IEC 62552:2014 Artefactos domésticos de refrigeración-Características y métodos de ensayo",1a,--,--,--
170,CP-146,--,Productos,"Eficiencia energética en lámparas fluorescentes compactas","RTE INEN 036 (1R):2013 Eficiencia Energética. Lámparas fluorescentes compactas. Rangos de desempeño energético y etiquetado,IEC 60969:2016. Lámparas con balasto integrado para iluminación general. Requisitos de funcionamiento",1a,--,--,--
170,CP-147,--,Productos,Encendedores,"RTE INEN 044 (3R):2019 Encendedores,ISO 9994:2018. Encendedores. Requisitos de seguridad",1a,--,--,--
170,CP-148,--,Productos,"Ollas a presión para uso doméstico","RTE INEN 051 (2R):2021 Ollas a presión para uso doméstico,NTE INEN 2382:2013. Artículos de uso doméstico. Ollas a presión. Requisitos","1a,1b,5",--,--,--
170,CP-149,--,Productos,"Alumbrado Público","RTE INEN 069 (1R):2015 Alumbrado público,IEC 60598-2-3:2002 + AMD1:2011. Luminarias. Parte 2-3: Requisitos particulares. Luminarias para alumbrado público.,IEC 62035:2014 + AMD1:2016. Lámparas de descarga (excepto lámparas fluorescentes). Requisitos de seguridad,IEC 60662:2011. Lámparas de vapor de sodio a alta presión. Requisitos de funcionamiento,IEC 61347-2-9:2012. Dispositivos de control de lámpara. Parte 2-9: Requisitos particulares para balastos para lámparas de descarga (excepto lámparas fluorescentes),IEC 60923:2005 + AMD1:2006. Aparatos auxiliares para lámparas.  Balastos para lámparas de descarga (Excepto lámparas fluorescentes tubulares). Requisitos de funcionamiento,IEC 61347-1:2015+AMD1:2017. Dispositivos de control de lámpara. Parte 1: Requisitos generales y requisitos de seguridad,IEC 61347-2-12:2005 + AMD1:2010. Dispositivos de control de lámpara. Parte 2-12: Requisitos particulares para balastos electrónicos alimentados en corriente continua o alterna para lámparas de descarga (excepto lámparas fluorescentes),IEC 61347-2-1:2000 + AMD1:2005 + AMD2:2013. Dispositivos de control de lámpara. Parte 2-1: Requisitos particulares para dispositivos arrancadores (excepto cebadores de efluvios),IEC 60927:2007 + AMD1:2013. Aparatos auxiliares para lámparas. Aparatos arrancadores (excepto cebadores de efluvios). Requisitos de funcionamiento,IEC 61347-2-11:2001 + AMD1:2017. Dispositivos de control de lámpara. Parte 2-11: Requisitos particulares para circuitos electrónicos diversos utilizados con las luminarias,IEC 62560:2011 + AMD1:2015. Lámparas LED con balasto incorporado para servicios de iluminación general con tensión > 50 V. Especificaciones de seguridad,IEC 62612:2013 + AMD1:2015 +AMD2:2018. Lámparas LED con balasto incorporado para servicios de iluminación general con tensión de alimentación > 50 V. Requisitos de funcionamiento,IEC 62471:2006. Seguridad fotobiológica de lámparas y de los aparatos que utilizan lámparas,IEC 60598-1:2014 + AMD1:2017. Luminarias. Parte 1: Requisitos generales y ensayos,IEC 62031:2018 Módulos LED para alumbrado general. Requisitos de seguridad,EN 55015. Límites y métodos de medida de las características relativas a la perturbación radioeléctrica de los equipos de iluminación y similares,CISPR 15 Límites y métodos de medida de las características relativas a la perturbación radioeléctrica de los equipos de iluminación y similares,IEC 61547. Equipos para iluminación para uso general. Requisitos relativos a la inmunidad CEM,IEC 61000-3-2. Compatibilidad electromagnética (CEM). Parte 3-2: Límites. Límites para las emisiones de corriente armónica,IEC 61000-3-3. Compatibilidad electromagnética (CEM). Parte 3-3: Límites. Limitación de las variaciones de tensión, fluctuaciones de tensión y flicker en las redes públicas de suministro de baja tensión para equipo con corriente asignada,IEC 60529:1989 + AMD1:1999 + AMD2:2013. Grados de protección proporcionados por las envolventes (Código IP),IEC 62262:2002. Grados de protección proporcionados por las envolventes de materiales eléctricos contra los impactos mecánicos externos (código IK)","1a,5",--,--,--
170,CP-150,--,Productos,"Acondicionadores de aire sin ductos","RTE INEN 072:2017 (1R) Eficiencia energética para acondicionadores de aire sin ductos,NTE INEN 2495:2012 Eficiencia energética para acondicionadores de aire sin ductos. Requisitos",1a,--,--,--
170,CP-151,--,Productos,"Eficiencia energética de lavadoras electrodomésticas de ropa. Límites, métodos de ensayo y etiquetado","RTE INEN 077:2013 Eficiencia energética de lavadoras electrodomésticas de ropa. Límites, métodos de ensayo y etiquetado,NTE INEN 2659:2013 Aparatos electrodomésticos y similares, lavadoras eléctricas de ropa. métodos de ensayo para el consumo de energía, el consumo de agua y la capacidad volumétrica","1a,5",--,--,--
170,CP-152,--,Productos,"Televisores con sintonizador del estándar de televisión digital ISDBT Internacional","RTE INEN 083 (1R):2017 Televisores con sintonizador del estándar de televisión digital ISDB-T Internacional. Fe de erratas 2017-06-09",1a,--,--,--
170,CP-153,--,Productos,Juguetes,"RTE INEN 089:2014 Seguridad de los Juguetes,UNE-EN 71-1:2015+A1:2019. Seguridad de los juguetes. Parte 1: Propiedades mecánicas y físicas,UNE-EN 71-2:2011+A1:2014. Seguridad de los juguetes. Parte 2: Inflamabilidad,UNE-EN 71-3:2013+A2:2018. Seguridad de los juguetes. Parte 3: Migración de ciertos elementos","1a,1b,5",--,--,--
170,CP-154,--,Productos,"Plásticos en contacto con alimentos","RTE INEN 100:2014 Materiales y artículos plásticos destinados a estar en contacto con los alimentos","1a,1b",--,--,--
170,CP-155,--,Productos,"Cocinas de inducción","RTE INEN 101:2017 Artefactos electrodomésticos para cocción por inducción,IEC 60335-2-6:2014+AMD1:2018. Artefactos electrodomésticos y análogos-Seguridad-Parte 2-6, Requisitos particulares para cocinas, encimeras de cocción, hornos y artefactos análogos para uso doméstico,NTE INEN 2259:2013 Artefactos de uso doméstico para cocinar, que utilizan combustibles gaseosos. Requisitos e inspección,NTE INEN 2479:2008. Paneles de vidrio templado de seguridad para uso en artefactos domésticos. Requisitos e inspección",1a,--,--,--
170,CP-156,--,Productos,"Seguridad y eficiencia térmica de calentadores de agua a gas","RTE INEN 109 (1R):2016. Seguridad y eficiencia térmica de calentadores de agua a gas,NTE INEN 2187:2011 Calentadores de agua a gas de paso tipo instantáneo para uso doméstico. Requisitos e inspección,NTE INEN 2603:2012 Calentadores de agua a gas. Requisitos e inspección","1a,1b,5",--,--,--
170,CP-157,--,Productos,"Ventiladores con motor incorporado de potencia inferior o igual a 125W","RTE INEN 112 (1R):2017 Eficiencia energética para ventiladores con motor eléctrico incorporado de potencia inferior o igual a 125 W","1a,5",--,--,--
170,CP-158,--,Productos,Televisiones,"RTE INEN 117:2014 Eficiencia Energética en Televisiones. Reporte de consumo de energía, Método de ensayo y etiquetado",1a,--,--,--
170,CP-159,--,Productos,"Hornos Eléctricos","RTE INEN 122:2014 Eficiencia Energética en Hornos eléctricos. Reporte de consumo de energía y etiquetado",1a,--,--,--
170,CP-160,--,Productos,"Hornos Microondas","RTE INEN 123:2014 Eficiencia Energética para Hornos microondas,IEC 60335-2-25:2010+Amd 1:2014+Amd 2:2015. Requisitos  particulares para hornos microondas incluyendo los hornos microondas combinados",1a,--,--,--
170,CP-161,--,Productos,"Amoladoras eléctricas fijas, semifijas y portátiles de uso manual","RTE INEN 137:2014 Amoladoras,IEC 61029-1:1990. Seguridad de las máquinas herramientas eléctricas semifijas. Parte 1: Requisitos generales,IEC 61029-2-4:1993. Seguridad de las máquinas herramientas eléctricas semifijas. Parte 2-4: Requisitos particulares para las amoladoras de banco,IEC 61029-2-10:1998. Seguridad de las máquinas herramientas eléctricas semifijas. Parte 2-10: Requisitos particulares de las amoladoras de corte,IEC 60745-1:2006 Herramientas manuales eléctricas accionadas por motor eléctrico. Seguridad. Parte 1: requisitos generales,IEC 60745-2-3:2006 + AMD1:2010 + AMD2:2012. Herramientas manuales eléctricas accionadas por motor eléctrico. Seguridad. Parte 2-3: Requisitos particulares para amoladoras, pulidoras y lijadoras de disco,IEC 60745-2-23:2012. Herramientas manuales eléctricas accionadas por motor eléctrico. Seguridad. Parte 2-23: Requisitos particulares para amoladoras de troqueles y herramientas rotativas pequeñas",1a,--,--,--
170,CP-162,--,Productos,"Decodificadores para el estándar de televisión digital terrestre ISDB-T internacional","RTE INEN 161:2017 Decodificadores para el estándar de televisión digital internacional",1a,--,--,--
170,CP-163,--,Productos,"Lámparas de vapor de mercurio, de sodio y de halogenuro metálico","RTE INEN 168:2014. Lámparas de vapor de mercurio, de sodio y de halogenuro metálico,IEC 62035:2014 + AMD1:2016. Lámparas de descarga (excepto lámparas fluorescentes). Requisitos de seguridad","1a,5",--,--,--
170,CP-164,--,Productos,"Lámparas halógenas de tungsteno","RTE INEN 169:2014 Lámparas halógenas de tungsteno,IEC 60432-1:1999 + AMD1:2005 + AMD2:2011. Lámparas incandescentes. Requisitos de seguridad. Parte 1: Lámparas de filamento de volframio para uso doméstico y alumbrado general similares,IEC 60432-2:1999 + AMD1:2005 + AMD2:2012. Lámparas incandescentes. Requisitos de seguridad. Parte 2: Lámparas halógenas para uso doméstico y alumbrado general similares,IEC 60064:1993 + AMD1:2000 + AMD2:2002 + AMD3:2005. Lámparas de filamento de tungsteno para uso doméstico y alumbrado general -. Requisitos de desempeño",1a,--,--,--
170,CP-165,--,Productos,"Sierras eléctricas manuales y semifijas","RTE INEN 173 (1R):2016 Sierras eléctricas manuales y semifijas,IEC 60745-1:2006 Herramientas manuales eléctricas accionadas por motor eléctrico. Seguridad. Parte 1: requisitos generales,IEC 61029-1:1990. Seguridad de las máquinas herramientas eléctricas semifijas. Parte 1: Requisitos generales,IEC 60745-2-5:2010. Herramientas manuales eléctricas accionadas por motor eléctrico. Seguridad. Parte 2-5: Requisitos particulares para sierras circulares,IEC 61029-2-1:1993. Seguridad de las máquinas herramientas eléctricas semifijas. Parte 21: Requisitos particulares para las sierras circulares de banco,IEC 60745-2-11:2003 + AMD1:2008. Herramientas manuales eléctricas accionadas por motor eléctrico. Seguridad. Parte 2-11: Requisitos particulares para sierras alternativas (sierras caladoras y sierra sable),IEC 60745-2-13:2006 + AMD1:2009. Herramientas manuales eléctricas accionadas por motor eléctrico. Seguridad. Parte 2-13: Requisitos particulares para sierras de cadena,IEC 60745-2-20:2003 + AMD1:2008. Herramientas manuales eléctricas accionadas por motor eléctrico. Seguridad. Parte 2-20: Requisitos particulares para sierras de cinta,IEC 61029-2-5:1993. Seguridad de las máquinas herramientas eléctricas semifijas. Parte 2-5: Requisitos particulares para las sierras de cinta,IEC 60745-2-22:2011. Herramientas manuales eléctricas accionadas por motor eléctrico. Seguridad. Parte 2-22: Requisitos particulares para tronzadoras de disco,IEC 61029-2-9:1995. Seguridad de las máquinas herramientas eléctricas semifijas. Parte 29: Requisitos particulares para sierras ingletadoras,IEC 61029-2-11:2001. Seguridad de las máquinas herramientas eléctricas semifijas. Parte 2-11: Requisitos particulares para las sierras combinadas ingletadoras y de banco",1a,--,--,--
170,CP-166,--,Productos,"Aparatos para cuidado de la piel o del Cabello","RTE INEN 179:2014 Aparatos para Cuidado de la piel o del cabello,IEC 60335-2-23:2016. Requisitos particulares para aparatos destinados al cuidado de la piel o del cabello",1a,--,--,--
170,CP-167,--,Productos,"Cortadoras de pelo y similares","RTE INEN 191:2014 Cortadoras de pelo y aparatos similares,IEC 60335-2-8:2012 + AMD1:2015+AMD2:2018. Aparatos electrodomésticos y análogos. Seguridad. Parte 2-8: Requisitos particulares para máquinas de afeitar, cortadores de pelo y aparatos análogos",1a,--,--,--
170,CP-168,--,Productos,"Guirnaldas luminosas","RTE INEN 196 (1R):2016 Guirnaldas luminosas,IEC 60598-2-21:2014. Luminarias. Parte 2 - 21: Requisitos particulares. Cordones luminosos,IEC 60598-2-20:2014. Luminarias. Parte 2 - 20: Requisitos particulares. Guirnaldas Luminosas",1a,--,--,--
170,CP-169,--,Productos,"Vajillas en vidrio y en vitrocerámica, recipientes de vidrio en contacto con alimentos","RTE INEN 200 (1R):2015 Vajillas en vidrio y en vitrocerámica, recipientes de vidrio en contacto con alimentos,ISO 6486-2:1999. Artículos cerámicos, artículos vitrocerámicos y vajilla de vidrio en contacto con alimentos. Liberación de plomo y cadmio – Parte 2: Límites permisibles,ISO 7086-2:2000. Recipientes de vidrio en contacto con alimentos. Liberación de plomo y cadmio - Parte 2: Límites permisibles","1a,1b",--,--,--
170,CP-170,--,NULL,"Máquinas eléctricas de cocina y aparatos similares","RTE INEN 203 (1R):2020. Máquinas con motor para uso en la cocina,IEC 60335-2-14:2016+Amd 1:2019. Aparatos electrodomésticos y análogos. Seguridad. Parte 2-14: Requisitos particulares para máquinas de cocina",1a,--,--,--
170,CP-171,--,Productos,"Aparatos eléctricos para calentar líquidos, para cocción de alimentos y similares","RTE INEN 227:2016 Aparatos eléctricos para calentar líquidos, para cocción de alimentos y similares,IEC 60335-2-13:2009 + AMD1:2016. Aparatos electrodomésticos y análogos. Seguridad. Parte 2-13: Requisitos particulares para freidoras, sartenes y aparatos análogos,IEC 60335-2-15:2012 + AMD1:2016+AMD2:2018. Aparatos electrodomésticos y análogos. Seguridad. Parte 2-15: Requisitos particulares para aparatos de calentamiento de líquidos,IEC 60335-2-9:2008 + AMD1:2012 + AMD2:2016. Aparatos electrodomésticos y análogos. Seguridad. Parte 2-9 Requisitos particulares para tostadores de pan, parrillas y aparatos de cocción móviles análogos",1a,--,--,--
170,CP-172,--,Productos,"Recipientes para uso doméstico para cocción","RTE INEN 252:2015 Recipientes de Uso Doméstico para cocción fabricados en aluminio, hierro y acero,NTE INEN 2361:2005. Artículos de uso doméstico. Ollas de aluminio. Requisitos,NTE INEN 2851:2014. Utensilios de cocina. Recipientes domésticos usados sobre hornillas, cocinas o placas de calentamiento. Requisitos y métodos de ensayo","1a,1b,5",--,--,--
170,CP-173,--,Productos,"Acondicionadores de aire tipo dividido (Inverter) con flujo de refrigerante variable, descarga libre y sin ductos de aire","Reglamento Técnico Centroamericano RTCA 23.01.78:20 (ICS23.120) Productos eléctricos. acondicionadores de aire tipo dividido inverter, con flujo de refrigerante variable descarga libre y sin ductos de aire. Especificaciones de eficiencia energética","1a,1b,4,5",--,--,--
170,CP-174,--,Productos,"Acondicionadores de aire tipo dividido (Inverter) con flujo de refrigerante variable, descarga libre y sin ductos de aire","NORMA Oficial Mexicana NOM-026-ENER-2015 Eficiencia energética en acondicionadores de aire tipo dividido (Inverter) con flujo de refrigerante variable, descarga libre y sin ductos de aire. Límites, métodos de prueba y etiquetado","1a,1b,4,5",--,--,--
170,CP-175,--,Productos,"Acondicionadores de aire dividido, descarga libre y sin ductos de aire","Reglamento Técnico Centroamericano RTCA 23.01.80:21 (ICS: 23.120) Productos eléctricos. Acondicionadores de aire dividido, descarga libre y sin ductos de aire. Especificaciones de eficiencia energética,Norma Oficial Mexicana
NOM-023-ENER-2018 Eficiencia energética en acondicionadores de aire tipo dividido, descarga libre y sin conductos de aire. Límites, método de prueba y etiquetado,Reglamento Técnico Salvadoreño RTS 23.01.03:15 Eficiencia Energética. Acondicionadores de aire tipo dividido, descarga libre y sin conductos de aire libre. Límites, métodos de prueba y etiquetado,Reglamento Técnico DGNTI-COPANIT 103:2017 (Panamá) Eficiencia Energética en Acondicionadores de aire tipo dividido, descarga libre y sin ductos de aire libre. Etiquetado","1a,1b,4,5",--,--,--
170,CP-176,--,Productos,"Acondicionadores de aire tipo central, paquete o dividido","Reglamento Técnico Salvadoreño RTS 23.01.01:15 Eficiencia Energética. Acondicionadores de aire tipo central, paquete o dividido. Límites, métodos de prueba y Etiquetado,DGNTI-COPANIT 101:2017 Eficiencia energética y etiquetado en acondicionadores de aire tipo central, paquete o dividido","1a,1b,4,5",--,--,--
170,CP-177,--,Productos,"Acondicionadores de aire tipo cuarto","Reglamento Técnico Salvadoreño RTS 23.01.02:15 Eficiencia Energética. Acondicionadores de aire tipo cuarto. Límites, métodos de prueba y Etiquetado,Reglamento Técnico DGNTI-COPANIT 102:2017 (Panamá) Eficiencia Energética en Acondicionadores de aire tipo cuarto. Etiquetado","1a,1b,4,5",--,--,--
170,CP-178,--,Productos,"Refrigeradores y Congeladores electrodomésticos","Reglamento Técnico Salvadoreño RTS 97.01.01:15 Eficiencia Energética. Refrigeradores y congeladores electrodomésticos. Límites, Métodos de prueba y Etiquetado,Reglamento Técnico RTCR 482:2015 (Costa Rica) Productos eléctricos. Refrigeradores y congeladores electrodomésticos operados por motocompresor hermético. Especificaciones de eficiencia Energética,Reglamento Técnico DGNTI-COPANIT 105:2017 (Panamá) Eficiencia Energética de refrigeradores y congeladores electrodomésticos. Etiquetado","1a,1b,4,5",--,--,--
170,CP-179,--,Productos,"Vidrios de seguridad","NTE INEN 2479:2008. Paneles de vidrio templado de seguridad para uso en artefactos domésticos. Requisitos e inspección","1a,1b,5",--,--,--
170,CP-180,--,Productos,Lavavajillas,"RTE INEN 133:2014 Lavavajillas. Eficiencia energética y Etiquetado",1a,--,--,--
170,CP-181,--,Productos,Aspiradoras,"RTE INEN 197(1R):2020 Aspiradoras",1a,--,--,--
170,CP-182,--,Productos,"Máquinas eléctricas de cocina para uso doméstico y aparatos similares","RTE INEN 203 (1R):2020. Máquinas con motor para uso en la cocina,IEC 60335-2-14:2016+Amd 1:2019. Aparatos electrodomésticos y análogos. Seguridad. Parte 2-14: Requisitos particulares para máquinas de cocina",1a,--,--,--
170,CP-183,--,Productos,"Baldosas Cerámicas","ISO 13006:2018 Baldosas cerámicas — Definiciones, clasificación, características y rotulado","1b,5",--,--,--
5,CP-184,--,Procesos,"Producción Orgánica","Instructivo de la Normativa General para Promover y Regular la Producción Orgánica - Ecológica - Biológica en el Ecuador. Resolución DAJ 20133ec 0201.0099, emitida el 30 de septiembre de 2013",6,--,--,--
5,CP-185,--,Procesos,"Producción Orgánica","Instructivo de la Normativa General para Promover y Regular la Producción Orgánica - Ecológica - Biológica en el Ecuador. Resolución DAJ 20133ec 0201.0099, emitida el 30 de septiembre de 2013",6,--,--,--
5,CP-186,--,Procesos,"Producción Orgánica","Instructivo de la Normativa General para Promover y Regular la Producción Orgánica - Ecológica - Biológica en el Ecuador. Resolución DAJ 20133ec 0201.0099, emitida el 30 de septiembre de 2013",6,--,--,--
5,CP-187,--,Procesos,"Producción Orgánica","Instructivo de la Normativa General para Promover y Regular la Producción Orgánica - Ecológica - Biológica en el Ecuador. Resolución DAJ 20133ec 0201.0099, emitida el 30 de septiembre de 2013",6,--,--,--
5,CP-188,--,Procesos,"Producción Orgánica","Instructivo de la Normativa General para Promover y Regular la Producción Orgánica - Ecológica - Biológica en el Ecuador. Resolución DAJ 20133ec 0201.0099, emitida el 30 de septiembre de 2013",6,--,--,--
5,CP-189,--,Procesos,"Best  Aquaculture Practices Límite Territorial: Mundial","Requirements for Certification Bodies Offering Certification Against the Criteria of the Global Aquaculture Alliance Best Aquaculture Practices Standards Issue 14.10 18 August 2021,Seafood Processing Standard (SPS) Issue 5.0 01 February 2019,Seafood Processing Standard (SPS) Issue 5.1 16 November 2020",6,--,--,--
231,CP-190,--,Productos,"Lámparas Fluorescentes compactas","RTE INEN 036 (1R):2013 Eficiencia Energética. Lámparas fluorescentes compactas. Rangos de desempeño energético y etiquetado",1b,--,--,--
231,CP-191,--,Productos,"Alumbrado público general","RTE INEN 069 (1R):2015 Alumbrado público,IEC 60529:1989 + AMD1:1999 + AMD2:2013. Grados de protección proporcionados por las envolventes (Código IP),IEC 62262:2002. Grados de protección proporcionados por las envolventes de materiales eléctricos contra los impactos mecánicos externos (código IK)",1a,--,--,--
231,CP-192,--,Productos,"Acondicionadores de aire sin ductos","RTE INEN 072:2017 (1R) Eficiencia energética para acondicionadores de aire sin ductos,NTE INEN 2495:2012 Eficiencia energética para acondicionadores de aire sin ductos. Requisitos",1a,--,--,--
231,CP-193,--,Productos,Televisores,"RTE INEN 083 (1R):2017 Televisores con sintonizador del estándar de televisión digital ISDB-T Internacional. Fe de erratas 2017-06-09",1a,--,--,--
231,CP-194,--,Productos,"Ventiladores con motor incorporado de potencia inferior o igual a 125W","RTE INEN 112 (1R):2017 Eficiencia energética para ventiladores con motor eléctrico incorporado de potencia inferior o igual a 125 W",1a,--,--,--
231,CP-195,--,Productos,Televisiones,"RTE INEN 117:2014 Eficiencia Energética en Televisiones. Reporte de consumo de energía, Método de ensayo y etiquetado",1a,--,--,--
231,CP-196,--,Productos,"Hornos Microondas","RTE INEN 123:2014 Eficiencia Energética para Hornos microondas,IEC 60335-2-25:2020. Aparatos electrodomésticos y similares. Seguridad. Parte 2-25: Requisitos particulares para hornos microondas, incluidos los hornos microondas combinados",1a,--,--,--
231,CP-197,--,Productos,Decodificadores,"RTE INEN 161:2017 Decodificadores para el estándar de televisión digital internacional",1a,--,--,--
231,CP-198,--,Productos,"Cortadoras de pelo y aparatos similares","RTE INEN 191:2014 Cortadoras de pelo y aparatos similares,IEC 60335-2-8: 2012 + AMD1: 2015 + AMD2: 2018. Aparatos electrodomésticos y análogos. Seguridad. Parte 2-8: Requisitos particulares para máquinas de afeitar, cortadores de pelo y aparatos similares.,IEC 60335-1:2010 + AMD1:2013 + AMD2: 2016. Aparatos electrodomésticos y similares. Seguridad. Parte 1: Requisitos generales",1a,--,--,--
231,CP-199,--,Productos,Aspiradoras,"RTE INEN 197:2014 Aspiradoras,IEC 60335-2-2: 2019. Aparatos electrodomésticos y análogos. Seguridad-Parte 2-2: Requisitos particulares para aspiradores y aparatos de limpieza por aspiración de agua,IEC 60335-1:2010 + AMD1:2013 + AMD2: 2016. Aparatos electrodomésticos y similares. Seguridad. Parte 1: Requisitos generales",1a,--,--,--
231,CP-200,--,Productos,"Máquinas eléctricas de cocina para uso doméstico y aparatos similares","RTE INEN 203 (1R):2020. Máquinas con motor para uso en la cocina,IEC 60335-2-14:2016+Amd 1:2019. Aparatos electrodomésticos y análogos. Seguridad. Parte 2-14: Requisitos particulares para máquinas de cocina,IEC 60335-1:2010 + AMD1:2013 + AMD2: 2016. Aparatos electrodomésticos y similares. Seguridad. Parte 1: Requisitos generales",1a,--,--,--
231,CP-201,--,Productos,"Aparatos eléctricos para cocción de uso doméstico y de uso comercial","RTE INEN 208 (1R):2018 Seguridad de aparatos eléctricos para cocción,IEC 60335-1:2010 + AMD1:2013 + AMD2: 2016. Aparatos electrodomésticos y similares. Seguridad. Parte 1: Requisitos generales,IEC-60335-2-6:2008. Artefactos electrodomésticos y análogos. Seguridad. Parte 2-6: Requisitos particulares para cocinas, hornos y aparatos análogos para uso doméstico,IEC-60335-2-36: 2002 + A1: 2004 + A2: 2008. Artefactos electrodomésticos y análogos. Seguridad. Parte 2-36: Requisitos particulares para cocinas, hornos, encimeras y placas de encimera eléctricas de uso colectivo",1a,--,--,--
473,CP-202,--,Procesos,"Producción más Limpia","Marco Institucional para Incentivos Ambientales. Acuerdo Ministerial Nro.140 – Registro Oficial Edición Especial 387 del 04 de noviembre de 2015 Capítulo I, Título I",6,--,--,--
473,CP-203,--,Procesos,"Producción más Limpia","Marco Institucional para Incentivos Ambientales. Acuerdo Ministerial Nro.140 – Registro Oficial Edición Especial 387 del 04 de noviembre de 2015 Capítulo I, Título I",6,--,--,--
473,CP-204,--,Procesos,"Producción más Limpia","Marco Institucional para Incentivos Ambientales. Acuerdo Ministerial Nro.140 – Registro Oficial Edición Especial 387 del 04 de noviembre de 2015 Capítulo I, Título II",6,--,--,--
473,CP-205,--,Procesos,"Producción más Limpia","Marco Institucional para Incentivos Ambientales. Acuerdo Ministerial Nro.140 – Registro Oficial Edición Especial 387 del 04 de noviembre de 2015 Capítulo I, Título II",6,--,--,--
473,CP-206,--,Procesos,"Producción más Limpia","Marco Institucional para Incentivos Ambientales. Acuerdo Ministerial Nro.140 – Registro Oficial Edición Especial 387 del 04 de noviembre de 2015 Capítulo I, Título II",6,--,--,--
473,CP-207,--,Procesos,"Producción más Limpia","Marco Institucional para Incentivos Ambientales. Acuerdo Ministerial Nro.140 – Registro Oficial Edición Especial 387 del 04 de noviembre de 2015 Capítulo I, Título II",6,--,--,--
473,CP-208,--,Procesos,"Producción más Limpia","Marco Institucional para Incentivos Ambientales. Acuerdo Ministerial Nro. 140 – Registro Oficial Edición Especial 387 del 04 de noviembre de 2015 Capítulo I, Título III",6,--,--,--
386,CP-209,--,Procesos,"Producción Orgánica","Instructivo de la Normativa General para Promover y Regular la Producción Orgánica - Ecológica - Biológica en el Ecuador. Resolución DAJ 20133ec 0201.0099, emitida el 30 de septiembre de 2013",6,--,--,--
386,CP-210,--,Procesos,"Producción Orgánica","Instructivo de la Normativa General para Promover y Regular la Producción Orgánica - Ecológica - Biológica en el Ecuador. Resolución DAJ 20133ec 0201.0099, emitida el 30 de septiembre de 2013",6,--,--,--
386,CP-211,--,Procesos,"Producción Orgánica","Instructivo de la Normativa General para Promover y Regular la Producción Orgánica - Ecológica - Biológica en el Ecuador. Resolución DAJ 20133ec 0201.0099, emitida el 30 de septiembre de 2013",6,--,--,--
386,CP-212,--,Procesos,"Producción Orgánica","Instructivo de la Normativa General para Promover y Regular la Producción Orgánica - Ecológica - Biológica en el Ecuador. Resolución DAJ 20133ec 0201.0099, emitida el 30 de septiembre de 2013",6,--,--,--
386,CP-213,--,Procesos,"Producción Orgánica","Instructivo de la Normativa General para Promover y Regular la Producción Orgánica - Ecológica - Biológica en el Ecuador. Resolución DAJ 20133ec 0201.0099, emitida el 30 de septiembre de 2013",6,--,--,--
386,CP-214,--,Procesos,"Producción Orgánica","Instructivo de la Normativa General para Promover y Regular la Producción Orgánica - Ecológica - Biológica en el Ecuador. Resolución DAJ 20133ec 0201.0099, emitida el 30 de septiembre de 2013",6,--,--,--
386,CP-215,--,Procesos,"Producción Orgánica","Instructivo de la Normativa General para Promover y Regular la Producción Orgánica - Ecológica - Biológica en el Ecuador. Resolución DAJ 20133ec 0201.0099, emitida el 30 de septiembre de 2013",6,--,--,--
337,CP-216,--,Procesos,"Producción Orgánica","Instructivo de la Normativa General para Promover y Regular la Producción Orgánica - Ecológica - Biológica en el Ecuador. Resolución DAJ 20133ec 0201.0099, emitida el 30 de septiembre de 2013",6,--,--,--
337,CP-217,--,Procesos,"Producción Orgánica","Instructivo de la Normativa General para Promover y Regular la Producción Orgánica - Ecológica - Biológica en el Ecuador. Resolución DAJ 20133ec 0201.0099, emitida el 30 de septiembre de 2013",6,--,--,--
337,CP-218,--,Procesos,"Producción Orgánica","Instructivo de la Normativa General para Promover y Regular la Producción Orgánica - Ecológica - Biológica en el Ecuador. Resolución DAJ 20133ec 0201.0099, emitida el 30 de septiembre de 2013",6,--,--,--
337,CP-219,--,Procesos,"Producción Orgánica","Instructivo de la Normativa General para Promover y Regular la Producción Orgánica - Ecológica - Biológica en el Ecuador. Resolución DAJ 20133ec 0201.0099, emitida el 30 de septiembre de 2013",6,--,--,--
337,CP-220,--,Procesos,"Producción más Limpia","Marco Institucional para Incentivos Ambientales. Acuerdo Ministerial Nro.140 – Registro Oficial Edición Especial 387 del 04 de noviembre de 2015 Capítulo I, Título I",6,--,--,--
337,CP-221,--,Procesos,"Producción más Limpia","Marco Institucional para Incentivos Ambientales. Acuerdo Ministerial Nro.140 – Registro Oficial Edición Especial 387 del 04 de noviembre de 2015 Capítulo I, Título I",6,--,--,--
337,CP-222,--,Procesos,"Producción más Limpia","Marco Institucional para Incentivos Ambientales. Acuerdo Ministerial Nro.140 – Registro Oficial Edición Especial 387 del 04 de noviembre de 2015 Capítulo I, Título II",6,--,--,--
337,CP-223,--,Procesos,"Producción más Limpia","Marco Institucional para Incentivos Ambientales. Acuerdo Ministerial Nro.140 – Registro Oficial Edición Especial 387 del 04 de noviembre de 2015 Capítulo I, Título II",6,--,--,--
337,CP-224,--,Procesos,"Producción más Limpia","Marco Institucional para Incentivos Ambientales. Acuerdo Ministerial Nro.140 – Registro Oficial Edición Especial 387 del 04 de noviembre de 2015 Capítulo I, Título II",6,--,--,--
337,CP-225,--,Procesos,"Producción más Limpia","Marco Institucional para Incentivos Ambientales. Acuerdo Ministerial Nro.140 – Registro Oficial Edición Especial 387 del 04 de noviembre de 2015 Capítulo I, Título II",6,--,--,--
173,CP-226,--,Procesos,FlorEcuador,"Reglamento General para Empresas de Producción, Exportación  y Comercialización de Flores. Certificación para una Floricultura Responsable  y Sostenible V 4.0",6,--,--,--
173,CP-227,--,Productos,"Artefactos de uso doméstico para cocinar, que utilizan combustibles gaseosos","RTE INEN 005 (2R):2020 Artefactos de uso doméstico para cocinar, que utilizan combustibles gaseosos","1a,1b",--,--,--
173,CP-228,--,Productos,"Artefactos de uso doméstico para producción de frío","RTE INEN 009 (1R):2019 Aparatos de uso doméstico para producción de frío","1a,1b",--,--,--
173,CP-229,--,Productos,"Artefactos de uso doméstico para producción de frío","RTE INEN 035 (1R): 2020. Eficiencia energética en artefactos de refrigeración de uso doméstico. Reporte de consumo de energía, métodos de prueba y etiquetado","1a,1b",--,--,--
173,CP-230,--,Productos,"Hornos Microondas","RTE INEN 123:2014 Eficiencia Energética para Hornos microondas",1a,--,--,--
173,CP-231,--,Productos,"Maquina con motor para uso en la cocina","RTE INEN 203 (1R):2020. Máquinas con motor para uso en la cocina","1a,1b",--,--,--
173,CP-232,--,Productos,"Artefactos de uso doméstico para cocinar, que utilizan combustibles gaseosos","RTE INEN 005 (2R):2020 Artefactos de uso doméstico para cocinar, que utilizan combustibles gaseosos",5,--,--,--
173,CP-233,--,Productos,"Artefactos de uso doméstico para producción de frío","RTE INEN 009 (1R):2019 Aparatos de uso doméstico para producción de frío",5,--,--,--
173,CP-234,--,Productos,"Artefactos de uso doméstico para producción de frío","RTE INEN 035 (1R): 2020. Eficiencia energética en artefactos de refrigeración de uso doméstico. Reporte de consumo de energía, métodos de prueba y etiquetado",5,--,--,--
173,CP-235,--,Productos,"Maquina con motor para uso en la cocina","RTE INEN 203 (1R):2020. Máquinas con motor para uso en la cocina",5,--,--,--
173,CP-236,--,Productos,"Hornos Microondas","RTE INEN 123:2014 Eficiencia Energética para Hornos microondas",5,--,--,--
173,CP-237,--,Procesos,"Florverde Sustainable Flowers","Reglamento General para la Certificación Florverde Sustainable Flowers V 7.1.3,Estándar Florverde para la producción sostenible de flores y ornamentales versión 7.1.3",6,--,--,--
173,CP-238,--,Productos,"Seguridad y eficiencia térmica de calentadores de agua a gas","RTE INEN 109 (1R):2016. Seguridad y eficiencia térmica de calentadores de agua a gas",1b,--,--,--
896,CP-239,--,Productos,"Aisladores eléctricos de vidrio","IEC 60383-1:1993,IEC 60383-2:1993,IEC 60305:1995","1a,1b,5",--,--,--
896,CP-240,--,Productos,"Aisladores eléctricos de vidrio","Reglamento Técnico de Instalaciones Eléctricas – RETIE del Ministerio de Minas y Energía de Colombia,
Resolución 90708 del 30 de agosto de 2013, 
Resolución 90907 del 25 de octubre de 2013, 
Resolución 90795 del 25 de julio de 2014,
Resolución 40492 del 24 de abril de 2015.","1a,1b,5",--,--,--
896,CP-241,--,Productos,"Aisladores eléctricos de porcelana o cerámica","IEC 60383-1:1993,IEC 60383-2:1993,IEC 60273:1990,IEC 60305:1995,ANSI C29.1:2018,ANSI C29.2:2013,ANSI C29.3:2015,ANSI C29.4:2015,ANSI C29.5:2015,ANSI C29.6:2015,ANSI C29.7:2015","1a,1b,5",--,--,--
896,CP-242,--,Productos,"Aisladores eléctricos de porcelana o cerámica","Reglamento Técnico de Instalaciones Eléctricas – RETIE del Ministerio de Minas y Energía de Colombia,
Resolución 90708 del 30 de agosto de 2013, 
Resolución 90907 del 25 de octubre de 2013, 
Resolución 90795 del 25 de julio de 2014,
Resolución 40492 del 24 de abril de 2015.","1a,1b,5",--,--,--
896,CP-243,--,Productos,"Herrajes para redes de distribución","NTC 2772:2011,NTC 2575:2012,NTC 2995:2013,NTC 2270:2011,NTC 2617:2017,NTC 2607:2004,NTC 2665:2014,NTC 2663:2017,NTC 2973:2011,NTC 2616:2014,NTC 2618:1992,NTC 2608:2010,NTC 3378:1992,NTC 3496:2009,NTC 3524:1993,NTC 5982:2013,NTC 3735:2009,UNE EN 61854:1999,UL 467:2013,ABNT NBR 16051:2012","1a,1b,5",--,--,--
896,CP-244,--,Productos,"Herrajes para redes de distribución","Reglamento Técnico de Instalaciones Eléctricas – RETIE del Ministerio de Minas y Energía de Colombia,
Resolución 90708 del 30 de agosto de 2013, 
Resolución 90907 del 25 de octubre de 2013, 
Resolución 90795 del 25 de julio de 2014,
Resolución 40492 del 24 de abril de 2015.","1a,1b,5",--,--,--
896,CP-245,--,Productos,"Herrajes para redes de distribución","IEC 60372:2020","1a,1b,5",--,--,--
896,CP-246,--,Productos,"Brazos y soportes metálicos para luminaria","Reglamento Técnico de Iluminación y Alumbrado Público – RETILAP del Ministerio de Minas y Energía de Colombia,
Resolución 180540 del 30 de marzo de 2010, 
Resolución 181568 del 1 septiembre de 2010, 
Resolución 182544 del 29 de diciembre de 2010, 
Resolución 180173 del 14 de febrero de 2011, 
Resolución 91872 del 28 diciembre de 2012,
Resolución 90980 del 15 noviembre de 2013,
Resolución 40122 del 8 de febrero de 2016","1a,1b,5",--,--,--
896,CP-247,--,Productos,Electrobombas,"IEC 60335-2-41:2012","1a,1b,5",--,--,--
896,CP-248,--,Productos,Electrobombas,"Reglamento Técnico de Instalaciones Eléctricas – RETIE del Ministerio de Minas y Energía de Colombia,
Resolución 90708 del 30 de agosto de 2013, 
Resolución 90907 del 25 de octubre de 2013, 
Resolución 90795 del 25 de julio de 2014,
Resolución 40492 del 24 de abril de 2015.","1a,1b,5",--,--,--
896,CP-249,--,Productos,"Medidores de energía","IEC 62052-11:2003,IEC 62053-21:2003,IEC 62053-22:2003,IEC 62053-23:2003,IEC 62053-24:2014,IEC 62053-31:1998","1a,1b,5",--,--,--
896,CP-250,--,Productos,"Medidores de energía - Medidores de energía clases 0,1, 1 y 2","IEC 62053-11:2016","1a,1b,5",--,--,--
896,CP-251,--,Productos,"Generadores eléctricos","IEC 60034-1:2017","1a,1b,5",--,--,--
896,CP-252,--,Productos,"Generadores eléctricos","Reglamento Técnico de Instalaciones Eléctricas – RETIE del Ministerio de Minas y Energía de Colombia,
Resolución 90708 del 30 de agosto de 2013, 
Resolución 90907 del 25 de octubre de 2013, 
Resolución 90795 del 25 de julio de 2014,
Resolución 40492 del 24 de abril de 2015.","1a,1b,5",--,--,--
896,CP-253,--,Productos,"Grupo electrógenos (Generadores eléctricos)","Reglamento Técnico de Instalaciones Eléctricas – RETIE del Ministerio de Minas y Energía de Colombia,
Resolución 90708 del 30 de agosto de 2013, 
Resolución 90907 del 25 de octubre de 2013, 
Resolución 90795 del 25 de julio de 2014,
Resolución 40492 del 24 de abril de 2015.","1a,1b,5",--,--,--
896,CP-254,--,Productos,"Motores eléctricos","IEC 60034-1:2017","1a,1b,5",--,--,--
896,CP-255,--,Productos,"Motores eléctricos","Reglamento Técnico de Instalaciones Eléctricas – RETIE del Ministerio de Minas y Energía de Colombia,
Resolución 90708 del 30 de agosto de 2013, 
Resolución 90907 del 25 de octubre de 2013, 
Resolución 90795 del 25 de julio de 2014,
Resolución 40492 del 24 de abril de 2015.","1a,1b,5",--,--,--
896,CP-256,--,Productos,"Transformadores eléctricos","IEC 61869-1:2007,IEC 61869-2:2012,IEC 61869-3:2011,IEC 61869-4:2013,IEC 61869-5:2011,ANSI C57.13:2016,IEC 60076-11:2018","1a,1b,5",--,--,--
896,CP-257,--,Productos,"Transformadores eléctricos","Reglamento Técnico de Instalaciones Eléctricas – RETIE del Ministerio de Minas y Energía de Colombia,
Resolución 90708 del 30 de agosto de 2013, 
Resolución 90907 del 25 de octubre de 2013, 
Resolución 90795 del 25 de julio de 2014,
Resolución 40492 del 24 de abril de 2015.","1a,1b,5",--,--,--
896,CP-258,--,Productos,"Dispositivos de  protección contra sobre tensiones transitorias (DPS)","IEC 60099-4:2014,IEC 61643-11:2011,UL 1449:2014","1a,1b,5",--,--,--
896,CP-259,--,Productos,"Dispositivos de  protección contra sobre tensiones transitorias (DPS)","Reglamento Técnico de Instalaciones Eléctricas – RETIE del Ministerio de Minas y Energía de Colombia,
Resolución 90708 del 30 de agosto de 2013, 
Resolución 90907 del 25 de octubre de 2013, 
Resolución 90795 del 25 de julio de 2014,
Resolución 40492 del 24 de abril de 2015.","1a,1b,5",--,--,--
896,CP-260,--,Productos,"Seccionadores de media tensión","IEC 62271-102:2018,IEC 62271-1:2011","1a,1b,5",--,--,--
896,CP-261,--,Productos,"Seccionadores de media tensión","Reglamento Técnico de Instalaciones Eléctricas – RETIE del Ministerio de Minas y Energía de Colombia,
Resolución 90708 del 30 de agosto de 2013, 
Resolución 90907 del 25 de octubre de 2013, 
Resolución 90795 del 25 de julio de 2014,
Resolución 40492 del 24 de abril de 2015.","1a,1b,5",--,--,--
896,CP-262,--,Productos,"Tableros de baja tensión","IEC 61439-1:2011,IEC 61439-2:2011,IEC 61439-3:2012","1a,1b,5",--,--,--
896,CP-263,--,Productos,"Tableros de baja tensión y encerramiento","Reglamento Técnico de Instalaciones Eléctricas – RETIE del Ministerio de Minas y Energía de Colombia,
Resolución 90708 del 30 de agosto de 2013, 
Resolución 90907 del 25 de octubre de 2013, 
Resolución 90795 del 25 de julio de 2014,
Resolución 40492 del 24 de abril de 2015.","1a,1b,5",--,--,--
896,CP-264,--,Productos,Encerramientos,"IEC 60670-1:2015","1a,1b,5",--,--,--
896,CP-265,--,Productos,"Alambres y cables para uso eléctrico cubiertos","Reglamento Técnico de Instalaciones Eléctricas – RETIE del Ministerio de Minas y Energía de Colombia,
Resolución 90708 del 30 de agosto de 2013, 
Resolución 90907 del 25 de octubre de 2013, 
Resolución 90795 del 25 de julio de 2014,
Resolución 40492 del 24 de abril de 2015.","1a,1b,5",--,--,--
896,CP-266,--,Productos,"Alambres y cables para uso eléctrico cubiertos - Cables para bombas sumergibles","IEEE 1018:2013","1a,1b,5",--,--,--
896,CP-267,--,Productos,"Alambres y cables para uso eléctrico cubiertos","IEC 60502-2:2014,IEC 60840:2011,IEC 62067:2011,IEC 60228:2004,IEC 60502-1:2004,ASTM B232/B232M:2017,ASTM B231/B231M:2016,ASTM B399/B399M:2015,ASTM B524/B524M:2018,ASTM B33:2014,ASTM B398/398M:2015,UL 13:2015,UL 44:2018,UL 444:2017,UL 66:2018,UL 83:2017","1a,1b,5",--,--,--
896,CP-268,--,Productos,"Alambres y cables de para uso eléctrico desnudos","IEC 61232:1993,IEC 60104:1987,IEC 61089:1991,IEC 62067:2011,IEC 60228:2004,ASTM B232/B232M:2017,ASTM A363 – 03:2014,ASTM A475-03:2014,ASTM B231/B231M:2016,ASTM B399/B399M:2015,ASTM B524/B524M:2018,ASTM B416:2018,ASTM B415:2016,ASTM B910/B910M:2018,ASTM B228:2011,ASTM B566:2016,ASTM B227:2015,ASTM B228-11a:2016,ASTM B33:2014,ASTM B398/398M:2015","1a,1b,5",--,--,--
896,CP-269,--,Productos,"Alambres y cables de para uso eléctrico desnudos","Reglamento Técnico de Instalaciones Eléctricas – RETIE del Ministerio de Minas y Energía de Colombia,
Resolución 90708 del 30 de agosto de 2013, 
Resolución 90907 del 25 de octubre de 2013, 
Resolución 90795 del 25 de julio de 2014,
Resolución 40492 del 24 de abril de 2015.","1a,1b,5",--,--,--
896,CP-270,--,Productos,"Cajas y Conduletas","IEC 60670-1:2015,IEC 60670-22:2003,IEC 60670-24:2011,IEC 62208:2002,UL 50:2015,UL 514C:2014","1a,1b,5",--,--,--
173,CP-271,--,Productos,"GLOBALG.A.P.  Limitación Territorial: América Latina, Centro América, México","General Regulations - Rules for crops, Part I, Version 5.4-1-GFS,General Regulations - Rules for crops, Part III, Version 5.4-1-GFS,General Regulations - Rules for crops, Version 5.4-1-GFS,Control points and Compliance Criteria Integrated Farm Assurance, Version 5.4-1GFS,All Farm Base – Crops Base – Fruits and Vegetables, Version 5.4-1GFS",6,--,--,--
827,CP-272,--,Procesos,"Producción Orgánica","Instructivo de la Normativa General para Promover y Regular la Producción Orgánica - Ecológica - Biológica en el Ecuador. Resolución DAJ 20133ec 0201.0099, emitida el 30 de septiembre de 2013",6,--,--,--
827,CP-273,--,Procesos,"Producción Orgánica","Instructivo de la Normativa General para Promover y Regular la Producción Orgánica - Ecológica - Biológica en el Ecuador. Resolución DAJ 20133ec 0201.0099, emitida el 30 de septiembre de 2013",6,--,--,--
827,CP-274,--,Procesos,"Producción Orgánica","Instructivo de la Normativa General para Promover y Regular la Producción Orgánica - Ecológica - Biológica en el Ecuador. Resolución DAJ 20133ec 0201.0099, emitida el 30 de septiembre de 2013",6,--,--,--
170,CP-275,--,Productos,"Refrigeradores y congeladores electrodomésticos","Reglamento Técnico Centroamericano RTCA 97.01.81:22. Productos eléctricos. Refrigeradores y congeladores electrodomésticos. Especificaciones de Eficiencia Energética.,Norma Oficial Mexicana NOM-015-ENER-2018. Eficiencia energética de refrigeradores y congeladores electrodomésticos. Límites, métodos de prueba y etiquetado.","1a,1b,4,5",--,--,--
173,CP-276,--,Productos,Juguetes,"RTE INEN 089:2014 Seguridad de los Juguetes",1b,--,--,--
173,CP-277,--,Productos,"Plásticos en contacto con alimentos","RTE INEN 100:2014 Materiales y artículos plásticos destinados a estar en contacto con los alimentos",1b,--,--,--
173,CP-278,--,Productos,"Ventiladores con motor incorporado de potencia inferior o igual a 125W","RTE INEN 112 (1R):2017 Eficiencia energética para ventiladores con motor eléctrico incorporado de potencia inferior o igual a 125 W",1a,--,--,--
173,CP-279,--,Productos,"Amoladoras eléctricas fijas, semifijas y portátiles de uso manual","RTE INEN 137:2014 Amoladoras",1a,--,--,--
173,CP-280,--,Productos,"Aparatos para cuidado de la piel o del Cabello","RTE INEN 179:2014 Aparatos para Cuidado de la piel o del cabello",1a,--,--,--
173,CP-281,--,Productos,"Cortadoras de pelo y aparatos similares","RTE INEN 191:2014 Cortadoras de pelo y aparatos similares",1a,--,--,--
173,CP-282,--,Productos,Aspiradoras,"RTE INEN 197(1R):2020 Aspiradoras",1a,--,--,--
173,CP-283,--,Productos,"Vajillas en vidrio y en vitrocerámica, recipientes de vidrio en contacto con alimentos","RTE INEN 200 (1R):2015 Vajillas en vidrio y en vitrocerámica, recipientes de vidrio en contacto con alimentos",1b,--,--,--
173,CP-284,--,Productos,"Aparatos eléctricos para calentar líquidos, para cocción de alimentos y similares","RTE INEN 227:2016 Aparatos eléctricos para calentar líquidos, para cocción de alimentos y similares",1a,--,--,--
173,CP-285,--,Productos,"Planchas Eléctricas","RTE INEN 147:2014 Planchas Eléctricas,IEC 60335-2-3:2022 Seguridad de artefactos electrodomésticos y artefactos eléctricos similares. Requisitos particulares para planchas eléctricas",1a,--,--,--
173,CP-286,--,Productos,"Guirnaldas luminosas","RTE INEN 196 (1R):2016 Guirnaldas luminosas,IEC 60598-2-21:2014. Luminarias. Parte 2 - 21: Requisitos particulares. Cordones luminosos,IEC 60598-2-20:2022. Luminarias. Parte 2 - 20: Requisitos particulares. Guirnaldas Luminosas",1a,--,--,--
30,CP-287,--,Productos,Aspiradoras,"IEC 60335-2-2: 2019. Aparatos electrodomésticos y análogos. Seguridad-Parte 2-2: Requisitos particulares para aspiradores y aparatos de limpieza por aspiración de agua,RTE INEN 197(1R):2020 Aspiradoras",1a,--,--,--
170,CP-288,--,Productos,"Planchas Eléctricas","RTE INEN 147:2014 Planchas Eléctricas,IEC 60335-2-3:2012 + Amd 1:2015 Seguridad de artefactos electrodomésticos y artefactos eléctricos similares. Requisitos particulares para planchas eléctricas,IEC 60335-1:2010 + AMD1:2013 + AMD2: 2016. Aparatos electrodomésticos y similares. Seguridad. Parte 1: Requisitos generales,IEC 60335-1:2020 CMV Household and similar electrical appliances - Safety - Part 1: General requirements",1a,--,--,--
170,CP-289,--,Productos,"Cocinas, plantillas, encimeras, plantillas de inducción y hornos eléctricos","Reglamento Técnico de Costa Rica RTCR 503:2021. “Productos eléctricos. Cocinas, plantillas, encimeras, plantillas de inducción y hornos eléctricos de uso doméstico. Requisitos de eficiencia energética”.,Norma INTE E17-1:2015: “Eficiencia energética. Cocinas, plantillas, plantillas de inducción y hornos eléctricos de uso doméstico. Parte 1: Requisitos”.,Norma INTE E17-2:2015: “Eficiencia energética. Cocinas, plantillas y hornos eléctricos de uso doméstico. Parte 2: Etiquetado”.,Norma INTE E17-5:2017: “Eficiencia energética. Plantillas de inducción de uso doméstico. Parte 5: Etiquetado”.","1a,1b,2,4,5",--,--,--
