IdHomologacionEsquema;MostrarWebOrden;MostrarWeb;TooltipWeb;EsquemaJson;VistaNombre;Estado;FechaCreacion;FechaModifica;IdUserCreacion;IdUserModifica;IdVistaNombre;DataTipo
1;1;Información principal de OEC;esq_oec;"[{""IdHomologacion"":57,""IdHomologacionGrupo"":null,""MostrarWebOrden"":1,""MostrarWeb"":""Nombre del OEC"",""TooltipWeb"":""Nombre del OEC"",""MascaraDato"":null,""SiNoHayDato"":null,""NombreHomologado"":""OrgNombreComercial"",""InfoExtraJson"":null,""CodigoHomologacion"":null,""AnchoColumna"":0,""CustomMostrarWeb"":""OrgNombreComercial / Nombre del OEC""},{""IdHomologacion"":112,""IdHomologacionGrupo"":null,""MostrarWebOrden"":2,""MostrarWeb"":""Razón Social de la Organización"",""TooltipWeb"":""Razón Social de la Organización OEC"",""MascaraDato"":null,""SiNoHayDato"":null,""NombreHomologado"":""OrgRazonSocial"",""InfoExtraJson"":null,""CodigoHomologacion"":null,""AnchoColumna"":0,""CustomMostrarWeb"":""OrgRazonSocial / Razón Social de la Organización""},{""IdHomologacion"":113,""IdHomologacionGrupo"":null,""MostrarWebOrden"":3,""MostrarWeb"":""Código Único de acreditación"",""TooltipWeb"":""Código Único de acreditación"",""MascaraDato"":null,""SiNoHayDato"":null,""NombreHomologado"":""OrgCodigoAcreditacion"",""InfoExtraJson"":null,""CodigoHomologacion"":null,""AnchoColumna"":0,""CustomMostrarWeb"":""OrgCodigoAcreditacion / Código Único de acreditación""},{""IdHomologacion"":114,""IdHomologacionGrupo"":null,""MostrarWebOrden"":4,""MostrarWeb"":""País"",""TooltipWeb"":""País OEC"",""MascaraDato"":null,""SiNoHayDato"":null,""NombreHomologado"":""OrgPais"",""InfoExtraJson"":null,""CodigoHomologacion"":null,""AnchoColumna"":0,""CustomMostrarWeb"":""OrgPais / País""},{""IdHomologacion"":115,""IdHomologacionGrupo"":null,""MostrarWebOrden"":5,""MostrarWeb"":""Ciudad OEC"",""TooltipWeb"":""Ciudad OEC"",""MascaraDato"":null,""SiNoHayDato"":null,""NombreHomologado"":""OrgCiudad"",""InfoExtraJson"":null,""CodigoHomologacion"":null,""AnchoColumna"":0,""CustomMostrarWeb"":""OrgCiudad / Ciudad OEC""},{""IdHomologacion"":116,""IdHomologacionGrupo"":null,""MostrarWebOrden"":6,""MostrarWeb"":""Dirección OEC"",""TooltipWeb"":""Dirección OEC"",""MascaraDato"":null,""SiNoHayDato"":null,""NombreHomologado"":""OrgDireccion"",""InfoExtraJson"":null,""CodigoHomologacion"":null,""AnchoColumna"":0,""CustomMostrarWeb"":""OrgDireccion / Dirección OEC""},{""IdHomologacion"":117,""IdHomologacionGrupo"":null,""MostrarWebOrden"":7,""MostrarWeb"":""Página WEB OEC"",""TooltipWeb"":""Página WEB OEC"",""MascaraDato"":null,""SiNoHayDato"":null,""NombreHomologado"":""OrgWeb"",""InfoExtraJson"":null,""CodigoHomologacion"":null,""AnchoColumna"":0,""CustomMostrarWeb"":""OrgWeb / Página WEB OEC""},{""IdHomologacion"":118,""IdHomologacionGrupo"":null,""MostrarWebOrden"":8,""MostrarWeb"":""Correo Electrónico OEC"",""TooltipWeb"":""Correo Electrónico OEC"",""MascaraDato"":null,""SiNoHayDato"":null,""NombreHomologado"":""OrgCorreo"",""InfoExtraJson"":null,""CodigoHomologacion"":null,""AnchoColumna"":0,""CustomMostrarWeb"":""OrgCorreo / Correo Electrónico OEC""},{""IdHomologacion"":119,""IdHomologacionGrupo"":null,""MostrarWebOrden"":9,""MostrarWeb"":""Teléfono de OEC"",""TooltipWeb"":""Teléfono de OEC"",""MascaraDato"":null,""SiNoHayDato"":null,""NombreHomologado"":""OrgTelefono"",""InfoExtraJson"":null,""CodigoHomologacion"":null,""AnchoColumna"":0,""CustomMostrarWeb"":""OrgTelefono / Teléfono de OEC""},{""IdHomologacion"":120,""IdHomologacionGrupo"":null,""MostrarWebOrden"":10,""MostrarWeb"":""Estado de acreditación"",""TooltipWeb"":""Estado de acreditación"",""MascaraDato"":null,""SiNoHayDato"":null,""NombreHomologado"":""OrgEstadoAcreditacion"",""InfoExtraJson"":null,""CodigoHomologacion"":null,""AnchoColumna"":0,""CustomMostrarWeb"":""OrgEstadoAcreditacion / Estado de acreditación""},{""IdHomologacion"":121,""IdHomologacionGrupo"":null,""MostrarWebOrden"":11,""MostrarWeb"":""Esquema de acreditación"",""TooltipWeb"":""Esquema de acreditación"",""MascaraDato"":null,""SiNoHayDato"":null,""NombreHomologado"":""OrgEsquemaAcreditado"",""InfoExtraJson"":null,""CodigoHomologacion"":null,""AnchoColumna"":0,""CustomMostrarWeb"":""OrgEsquemaAcreditado / Esquema de acreditación""},{""IdHomologacion"":122,""IdHomologacionGrupo"":null,""MostrarWebOrden"":12,""MostrarWeb"":""Norma de acreditación"",""TooltipWeb"":""Norma de acreditación"",""MascaraDato"":null,""SiNoHayDato"":null,""NombreHomologado"":""OrgNormaAcreditada"",""InfoExtraJson"":null,""CodigoHomologacion"":null,""AnchoColumna"":0,""CustomMostrarWeb"":""OrgNormaAcreditada / Norma de acreditación""},{""IdHomologacion"":123,""IdHomologacionGrupo"":null,""MostrarWebOrden"":13,""MostrarWeb"":""Reconocimiento"",""TooltipWeb"":""Reconocimiento"",""MascaraDato"":null,""SiNoHayDato"":null,""NombreHomologado"":""OrgReconocimiento"",""InfoExtraJson"":null,""CodigoHomologacion"":null,""AnchoColumna"":0,""CustomMostrarWeb"":""OrgReconocimiento / Reconocimiento""},{""IdHomologacion"":1096,""IdHomologacionGrupo"":null,""MostrarWebOrden"":14,""MostrarWeb"":""Fecha efectiva de la acreditación"",""TooltipWeb"":""Fecha efectiva de la acreditación"",""MascaraDato"":null,""SiNoHayDato"":null,""NombreHomologado"":""OrgFechaEfectivaAcreditacion"",""InfoExtraJson"":null,""CodigoHomologacion"":null,""AnchoColumna"":0,""CustomMostrarWeb"":""OrgFechaEfectivaAcreditacion / Fecha efectiva de la acreditación""},{""IdHomologacion"":133,""IdHomologacionGrupo"":null,""MostrarWebOrden"":15,""MostrarWeb"":""Periodo de vigencia"",""TooltipWeb"":""Periodo de vigencia"",""MascaraDato"":null,""SiNoHayDato"":null,""NombreHomologado"":""OrgPeriodoVigencia"",""InfoExtraJson"":null,""CodigoHomologacion"":null,""AnchoColumna"":0,""CustomMostrarWeb"":""OrgPeriodoVigencia / Periodo de vigencia""},{""IdHomologacion"":1100,""IdHomologacionGrupo"":null,""MostrarWebOrden"":16,""MostrarWeb"":""Fecha de actualización"",""TooltipWeb"":""Fecha de actualización"",""MascaraDato"":null,""SiNoHayDato"":null,""NombreHomologado"":""OrgFechaActualizacion"",""InfoExtraJson"":null,""CodigoHomologacion"":null,""AnchoColumna"":0,""CustomMostrarWeb"":""OrgFechaActualizacion / Fecha de actualización""},{""IdHomologacion"":138,""IdHomologacionGrupo"":null,""MostrarWebOrden"":17,""MostrarWeb"":""Fecha de actualización"",""TooltipWeb"":""Fecha de actualización"",""MascaraDato"":null,""SiNoHayDato"":null,""NombreHomologado"":""OrgFechaActualizacion"",""InfoExtraJson"":null,""CodigoHomologacion"":null,""AnchoColumna"":0,""CustomMostrarWeb"":""OrgFechaActualizacion / Fecha de actualización""},{""IdHomologacion"":139,""IdHomologacionGrupo"":null,""MostrarWebOrden"":18,""MostrarWeb"":""Alcance Acreditado (PDF)"",""TooltipWeb"":""Alcance Acreditado (PDF)"",""MascaraDato"":null,""SiNoHayDato"":null,""NombreHomologado"":""OrgLinkCertificado"",""InfoExtraJson"":null,""CodigoHomologacion"":null,""AnchoColumna"":0,""CustomMostrarWeb"":""OrgLinkCertificado / Alcance Acreditado (PDF)""},{""IdHomologacion"":142,""IdHomologacionGrupo"":null,""MostrarWebOrden"":19,""MostrarWeb"":""IdOrganizacion"",""TooltipWeb"":""IdOrganizacion"",""MascaraDato"":null,""SiNoHayDato"":null,""NombreHomologado"":""IdOrganizacion"",""InfoExtraJson"":null,""CodigoHomologacion"":null,""AnchoColumna"":0,""CustomMostrarWeb"":""IdOrganizacion / IdOrganizacion""},{""IdHomologacion"":143,""IdHomologacionGrupo"":null,""MostrarWebOrden"":20,""MostrarWeb"":""OrgFechaRegistro"",""TooltipWeb"":""OrgFechaRegistro"",""MascaraDato"":null,""SiNoHayDato"":null,""NombreHomologado"":""OrgFechaRegistro"",""InfoExtraJson"":null,""CodigoHomologacion"":null,""AnchoColumna"":0,""CustomMostrarWeb"":""OrgFechaRegistro / OrgFechaRegistro""},{""IdHomologacion"":140,""IdHomologacionGrupo"":null,""MostrarWebOrden"":21,""MostrarWeb"":""IdOnaDatos"",""TooltipWeb"":""IdOnaDatos"",""MascaraDato"":null,""SiNoHayDato"":null,""NombreHomologado"":""IdOnaDatos"",""InfoExtraJson"":null,""CodigoHomologacion"":null,""AnchoColumna"":0,""CustomMostrarWeb"":""IdOnaDatos / IdOnaDatos""}]"; VS_Organizacion;A;14/7/2024 17:44;14/7/2024 17:44;1;0;;
2;5;Laboratorios de Calibración;Esquema de Laboratorios de Calibración;"[{""IdHomologacion"":71,""IdHomologacionGrupo"":null,""MostrarWebOrden"":0,""MostrarWeb"":""Lugar de ejecución/ calibración"",""TooltipWeb"":""help Lugar de ejecución/ calibración"",""MascaraDato"":null,""SiNoHayDato"":null,""NombreHomologado"":""ClbLugarEjecucion"",""InfoExtraJson"":null,""CodigoHomologacion"":null,""AnchoColumna"":0,""CustomMostrarWeb"":""ClbLugarEjecucion / Lugar de ejecución/ calibración""},{""IdHomologacion"":72,""IdHomologacionGrupo"":null,""MostrarWebOrden"":1,""MostrarWeb"":""Magnitud"",""TooltipWeb"":""Help Magnitud"",""MascaraDato"":null,""SiNoHayDato"":null,""NombreHomologado"":""ClbMagnitud"",""InfoExtraJson"":null,""CodigoHomologacion"":null,""AnchoColumna"":0,""CustomMostrarWeb"":""ClbMagnitud / Magnitud""},{""IdHomologacion"":73,""IdHomologacionGrupo"":null,""MostrarWebOrden"":2,""MostrarWeb"":""Instrumento"",""TooltipWeb"":""help Instrumento"",""MascaraDato"":null,""SiNoHayDato"":null,""NombreHomologado"":""ClbInstrumento"",""InfoExtraJson"":null,""CodigoHomologacion"":null,""AnchoColumna"":0,""CustomMostrarWeb"":""ClbInstrumento / Instrumento""},{""IdHomologacion"":74,""IdHomologacionGrupo"":null,""MostrarWebOrden"":3,""MostrarWeb"":""Intervalo de medición"",""TooltipWeb"":""Help Intervalo de medición"",""MascaraDato"":null,""SiNoHayDato"":null,""NombreHomologado"":""ClbIntervaloMedicion"",""InfoExtraJson"":null,""CodigoHomologacion"":null,""AnchoColumna"":0,""CustomMostrarWeb"":""ClbIntervaloMedicion / Intervalo de medición""},{""IdHomologacion"":75,""IdHomologacionGrupo"":null,""MostrarWebOrden"":4,""MostrarWeb"":""Incertidumbre  Expandida"",""TooltipWeb"":""help Incertidumbre  Expandida"",""MascaraDato"":null,""SiNoHayDato"":null,""NombreHomologado"":""ClbIncertidumbreExpandida"",""InfoExtraJson"":null,""CodigoHomologacion"":null,""AnchoColumna"":0,""CustomMostrarWeb"":""ClbIncertidumbreExpandida / Incertidumbre  Expandida""},{""IdHomologacion"":76,""IdHomologacionGrupo"":null,""MostrarWebOrden"":5,""MostrarWeb"":"" Principio de medición/Técnica"",""TooltipWeb"":""Help  Principio de medición/Técnica"",""MascaraDato"":null,""SiNoHayDato"":null,""NombreHomologado"":""ClbPrincipioMedicion"",""InfoExtraJson"":null,""CodigoHomologacion"":null,""AnchoColumna"":0,""CustomMostrarWeb"":""ClbPrincipioMedicion /  Principio de medición/Técnica""},{""IdHomologacion"":77,""IdHomologacionGrupo"":null,""MostrarWebOrden"":6,""MostrarWeb"":""Método de medición/Procedimiento"",""TooltipWeb"":""Help Método de medición/Procedimiento"",""MascaraDato"":null,""SiNoHayDato"":null,""NombreHomologado"":""ClbMetodoMedicion"",""InfoExtraJson"":null,""CodigoHomologacion"":null,""AnchoColumna"":0,""CustomMostrarWeb"":""ClbMetodoMedicion / Método de medición/Procedimiento""},{""IdHomologacion"":78,""IdHomologacionGrupo"":null,""MostrarWebOrden"":7,""MostrarWeb"":""Patrón utilizado"",""TooltipWeb"":""Help Patrón utilizado"",""MascaraDato"":null,""SiNoHayDato"":null,""NombreHomologado"":""ClbPatronUtilizado"",""InfoExtraJson"":null,""CodigoHomologacion"":null,""AnchoColumna"":0,""CustomMostrarWeb"":""ClbPatronUtilizado / Patrón utilizado""},{""IdHomologacion"":79,""IdHomologacionGrupo"":null,""MostrarWebOrden"":8,""MostrarWeb"":""Vigente a partir de"",""TooltipWeb"":""Help Vigente a partir de"",""MascaraDato"":null,""SiNoHayDato"":null,""NombreHomologado"":""ClbVigenteApartirDe"",""InfoExtraJson"":null,""CodigoHomologacion"":null,""AnchoColumna"":0,""CustomMostrarWeb"":""ClbVigenteApartirDe / Vigente a partir de""},{""IdHomologacion"":150,""IdHomologacionGrupo"":null,""MostrarWebOrden"":9,""MostrarWeb"":""IdLaboratorioCalibracion"",""TooltipWeb"":""IdLaboratorioCalibracion"",""MascaraDato"":null,""SiNoHayDato"":null,""NombreHomologado"":""IdLaboratorioCalibracion"",""InfoExtraJson"":null,""CodigoHomologacion"":null,""AnchoColumna"":0,""CustomMostrarWeb"":""IdLaboratorioCalibracion / IdLaboratorioCalibracion""},{""IdHomologacion"":151,""IdHomologacionGrupo"":null,""MostrarWebOrden"":10,""MostrarWeb"":""ClbFechaRegistro"",""TooltipWeb"":""ClbFechaRegistro"",""MascaraDato"":null,""SiNoHayDato"":null,""NombreHomologado"":""ClbFechaRegistro"",""InfoExtraJson"":null,""CodigoHomologacion"":null,""AnchoColumna"":0,""CustomMostrarWeb"":""ClbFechaRegistro / ClbFechaRegistro""},{""IdHomologacion"":142,""IdHomologacionGrupo"":null,""MostrarWebOrden"":11,""MostrarWeb"":""IdOrganizacion"",""TooltipWeb"":""IdOrganizacion"",""MascaraDato"":null,""SiNoHayDato"":null,""NombreHomologado"":""IdOrganizacion"",""InfoExtraJson"":null,""CodigoHomologacion"":null,""AnchoColumna"":0,""CustomMostrarWeb"":""IdOrganizacion / IdOrganizacion""}]"; VS_LaboratorioCalibracion;A;14/7/2024 17:42;14/7/2024 17:42;1;0;;
3;3;Producto;Esquema de Certificación de Producto;"[{""IdHomologacion"":43,""IdHomologacionGrupo"":null,""MostrarWebOrden"":1,""MostrarWeb"":""Tipo Cert."",""TooltipWeb"":""Tipo de certificación de la calidad"",""MascaraDato"":null,""SiNoHayDato"":null,""NombreHomologado"":null,""InfoExtraJson"":null,""CodigoHomologacion"":null,""AnchoColumna"":0,""CustomMostrarWeb"":null},{""IdHomologacion"":45,""IdHomologacionGrupo"":null,""MostrarWebOrden"":2,""MostrarWeb"":""Producto  Proceso/  Servicio"",""TooltipWeb"":""Producto proceso o servicio"",""MascaraDato"":null,""SiNoHayDato"":null,""NombreHomologado"":null,""InfoExtraJson"":null,""CodigoHomologacion"":null,""AnchoColumna"":0,""CustomMostrarWeb"":null},{""IdHomologacion"":46,""IdHomologacionGrupo"":null,""MostrarWebOrden"":3,""MostrarWeb"":""Documento Normativo"",""TooltipWeb"":""Documento normativo de esquema Producto"",""MascaraDato"":null,""SiNoHayDato"":null,""NombreHomologado"":null,""InfoExtraJson"":null,""CodigoHomologacion"":null,""AnchoColumna"":0,""CustomMostrarWeb"":null},{""IdHomologacion"":47,""IdHomologacionGrupo"":null,""MostrarWebOrden"":4,""MostrarWeb"":""Esquema de Certificación "",""TooltipWeb"":""Esquema de certificación de producto"",""MascaraDato"":null,""SiNoHayDato"":null,""NombreHomologado"":null,""InfoExtraJson"":null,""CodigoHomologacion"":null,""AnchoColumna"":0,""CustomMostrarWeb"":null},{""IdHomologacion"":52,""IdHomologacionGrupo"":null,""MostrarWebOrden"":5,""MostrarWeb"":""División NACE"",""TooltipWeb"":""División NACE de esquema Producto"",""MascaraDato"":null,""SiNoHayDato"":null,""NombreHomologado"":null,""InfoExtraJson"":null,""CodigoHomologacion"":null,""AnchoColumna"":0,""CustomMostrarWeb"":null},{""IdHomologacion"":62,""IdHomologacionGrupo"":null,""MostrarWebOrden"":6,""MostrarWeb"":""Código CPA"",""TooltipWeb"":""Código CPA ayuda"",""MascaraDato"":null,""SiNoHayDato"":null,""NombreHomologado"":""prd_codigocpa"",""InfoExtraJson"":null,""CodigoHomologacion"":null,""AnchoColumna"":0,""CustomMostrarWeb"":""prd_codigocpa / Código CPA""},{""IdHomologacion"":70,""IdHomologacionGrupo"":null,""MostrarWebOrden"":7,""MostrarWeb"":""Vigente a partir de"",""TooltipWeb"":""Help Vigente a partir de"",""MascaraDato"":null,""SiNoHayDato"":null,""NombreHomologado"":""prd_vigenteapartirde"",""InfoExtraJson"":null,""CodigoHomologacion"":null,""AnchoColumna"":0,""CustomMostrarWeb"":""prd_vigenteapartirde / Vigente a partir de""},{""IdHomologacion"":146,""IdHomologacionGrupo"":null,""MostrarWebOrden"":7,""MostrarWeb"":""IdProducto"",""TooltipWeb"":""IdProducto"",""MascaraDato"":null,""SiNoHayDato"":null,""NombreHomologado"":""IdProducto"",""InfoExtraJson"":null,""CodigoHomologacion"":null,""AnchoColumna"":0,""CustomMostrarWeb"":""IdProducto / IdProducto""},{""IdHomologacion"":147,""IdHomologacionGrupo"":null,""MostrarWebOrden"":8,""MostrarWeb"":""PrdFechaRegistro"",""TooltipWeb"":""PrdFechaRegistro"",""MascaraDato"":null,""SiNoHayDato"":null,""NombreHomologado"":""PrdFechaRegistro"",""InfoExtraJson"":null,""CodigoHomologacion"":null,""AnchoColumna"":0,""CustomMostrarWeb"":""PrdFechaRegistro / PrdFechaRegistro""},{""IdHomologacion"":142,""IdHomologacionGrupo"":null,""MostrarWebOrden"":9,""MostrarWeb"":""IdOrganizacion"",""TooltipWeb"":""IdOrganizacion"",""MascaraDato"":null,""SiNoHayDato"":null,""NombreHomologado"":""IdOrganizacion"",""InfoExtraJson"":null,""CodigoHomologacion"":null,""AnchoColumna"":0,""CustomMostrarWeb"":""IdOrganizacion / IdOrganizacion""}]"; VS_Producto;A;14/7/2024 17:42;14/7/2024 17:42;1;0;;
4;2;Certificación de Sistemas de Gestión;Esquema de Certificación de Sistemas de Gestión;"[{""IdHomologacion"":61,""IdHomologacionGrupo"":null,""MostrarWebOrden"":1,""MostrarWeb"":""Sistema de Gestión"",""TooltipWeb"":""Sistema de Gestión como ayuda"",""MascaraDato"":null,""SiNoHayDato"":null,""NombreHomologado"":""sgs_sistemagestion"",""InfoExtraJson"":null,""CodigoHomologacion"":null,""AnchoColumna"":0,""CustomMostrarWeb"":""sgs_sistemagestion / Sistema de Gestión""},{""IdHomologacion"":51,""IdHomologacionGrupo"":null,""MostrarWebOrden"":2,""MostrarWeb"":""Norma de Certificación"",""TooltipWeb"":""Norma que respalda la certificación"",""MascaraDato"":null,""SiNoHayDato"":null,""NombreHomologado"":null,""InfoExtraJson"":null,""CodigoHomologacion"":null,""AnchoColumna"":0,""CustomMostrarWeb"":null},{""IdHomologacion"":55,""IdHomologacionGrupo"":null,""MostrarWebOrden"":3,""MostrarWeb"":""Sector IAF"",""TooltipWeb"":""Sector IAF"",""MascaraDato"":null,""SiNoHayDato"":null,""NombreHomologado"":null,""InfoExtraJson"":null,""CodigoHomologacion"":null,""AnchoColumna"":0,""CustomMostrarWeb"":null},{""IdHomologacion"":56,""IdHomologacionGrupo"":null,""MostrarWebOrden"":4,""MostrarWeb"":""Descripción"",""TooltipWeb"":""Descripción de alcance"",""MascaraDato"":null,""SiNoHayDato"":null,""NombreHomologado"":null,""InfoExtraJson"":null,""CodigoHomologacion"":null,""AnchoColumna"":0,""CustomMostrarWeb"":null},{""IdHomologacion"":42,""IdHomologacionGrupo"":null,""MostrarWebOrden"":5,""MostrarWeb"":""Vigente a partir"",""TooltipWeb"":""Fecha de última acreditación o actualización"",""MascaraDato"":null,""SiNoHayDato"":null,""NombreHomologado"":null,""InfoExtraJson"":null,""CodigoHomologacion"":null,""AnchoColumna"":0,""CustomMostrarWeb"":null},{""IdHomologacion"":144,""IdHomologacionGrupo"":null,""MostrarWebOrden"":5,""MostrarWeb"":""IdSistemaGestion"",""TooltipWeb"":""IdSistemaGestion"",""MascaraDato"":null,""SiNoHayDato"":null,""NombreHomologado"":""IdSistemaGestion"",""InfoExtraJson"":null,""CodigoHomologacion"":null,""AnchoColumna"":0,""CustomMostrarWeb"":""IdSistemaGestion / IdSistemaGestion""},{""IdHomologacion"":145,""IdHomologacionGrupo"":null,""MostrarWebOrden"":6,""MostrarWeb"":""SgsFechaRegistro"",""TooltipWeb"":""SgsFechaRegistro"",""MascaraDato"":null,""SiNoHayDato"":null,""NombreHomologado"":""SgsFechaRegistro"",""InfoExtraJson"":null,""CodigoHomologacion"":null,""AnchoColumna"":0,""CustomMostrarWeb"":""SgsFechaRegistro / SgsFechaRegistro""},{""IdHomologacion"":142,""IdHomologacionGrupo"":null,""MostrarWebOrden"":7,""MostrarWeb"":""IdOrganizacion"",""TooltipWeb"":""IdOrganizacion"",""MascaraDato"":null,""SiNoHayDato"":null,""NombreHomologado"":""IdOrganizacion"",""InfoExtraJson"":null,""CodigoHomologacion"":null,""AnchoColumna"":0,""CustomMostrarWeb"":""IdOrganizacion / IdOrganizacion""},{""IdHomologacion"":145,""IdHomologacionGrupo"":null,""MostrarWebOrden"":8,""MostrarWeb"":""SgsFechaRegistro"",""TooltipWeb"":""SgsFechaRegistro"",""MascaraDato"":null,""SiNoHayDato"":null,""NombreHomologado"":""SgsFechaRegistro"",""InfoExtraJson"":null,""CodigoHomologacion"":null,""AnchoColumna"":0,""CustomMostrarWeb"":""SgsFechaRegistro / SgsFechaRegistro""}]";  VS_SistemaGestion;A;14/7/2024 17:45;14/7/2024 17:45;1;0;;
5;4;Organismos de Inspección;Esquema de Organismos de Inspección;"[{""IdHomologacion"":54,""IdHomologacionGrupo"":null,""MostrarWebOrden"":1,""MostrarWeb"":""oa_nombre"",""TooltipWeb"":"","",""MascaraDato"":null,""SiNoHayDato"":null,""NombreHomologado"":"""",""InfoExtraJson"":null,""CodigoHomologacion"":null,""AnchoColumna"":0,""CustomMostrarWeb"":"" / oa_nombre""},{""IdHomologacion"":63,""IdHomologacionGrupo"":null,""MostrarWebOrden"":2,""MostrarWeb"":""Sub campo/Subsector de Inspección"",""TooltipWeb"":""Ayuda Sub campo/Subsector de Inspección"",""MascaraDato"":null,""SiNoHayDato"":null,""NombreHomologado"":""oin_subcamposubsector"",""InfoExtraJson"":null,""CodigoHomologacion"":null,""AnchoColumna"":0,""CustomMostrarWeb"":""oin_subcamposubsector / Sub campo/Subsector de Inspección""},{""IdHomologacion"":64,""IdHomologacionGrupo"":null,""MostrarWebOrden"":3,""MostrarWeb"":""Tipos de producto, servicio /Categoría de inspección"",""TooltipWeb"":""help Tipos de producto, servicio /Categoría de inspección"",""MascaraDato"":null,""SiNoHayDato"":null,""NombreHomologado"":""OinTipoProductoServicioCategoria"",""InfoExtraJson"":null,""CodigoHomologacion"":null,""AnchoColumna"":0,""CustomMostrarWeb"":""OinTipoProductoServicioCategoria / Tipos de producto, servicio /Categoría de inspección""},{""IdHomologacion"":65,""IdHomologacionGrupo"":null,""MostrarWebOrden"":4,""MostrarWeb"":""Actividad de inspección"",""TooltipWeb"":""help Actividad de inspección"",""MascaraDato"":null,""SiNoHayDato"":null,""NombreHomologado"":""oin_actividad"",""InfoExtraJson"":null,""CodigoHomologacion"":null,""AnchoColumna"":0,""CustomMostrarWeb"":""oin_actividad / Actividad de inspección""},{""IdHomologacion"":66,""IdHomologacionGrupo"":null,""MostrarWebOrden"":5,""MostrarWeb"":""Rango de inspección"",""TooltipWeb"":""help Rango de inspección"",""MascaraDato"":null,""SiNoHayDato"":null,""NombreHomologado"":""oin_rango"",""InfoExtraJson"":null,""CodigoHomologacion"":null,""AnchoColumna"":0,""CustomMostrarWeb"":""oin_rango / Rango de inspección""},{""IdHomologacion"":67,""IdHomologacionGrupo"":null,""MostrarWebOrden"":6,""MostrarWeb"":""Documento normativo/ Procedimiento"",""TooltipWeb"":""help Documento normativo/ Procedimiento"",""MascaraDato"":null,""SiNoHayDato"":null,""NombreHomologado"":""oin_documentonormativo"",""InfoExtraJson"":null,""CodigoHomologacion"":null,""AnchoColumna"":0,""CustomMostrarWeb"":""oin_documentonormativo / Documento normativo/ Procedimiento""},{""IdHomologacion"":68,""IdHomologacionGrupo"":null,""MostrarWebOrden"":7,""MostrarWeb"":""Tipo de Organismo de Inspección"",""TooltipWeb"":""Help Tipo de Organismo de Inspección"",""MascaraDato"":null,""SiNoHayDato"":null,""NombreHomologado"":""oin_tipodeorganismo"",""InfoExtraJson"":null,""CodigoHomologacion"":null,""AnchoColumna"":0,""CustomMostrarWeb"":""oin_tipodeorganismo / Tipo de Organismo de Inspección""},{""IdHomologacion"":69,""IdHomologacionGrupo"":null,""MostrarWebOrden"":8,""MostrarWeb"":""Vigente a partir de"",""TooltipWeb"":""Help Vigente a partir de"",""MascaraDato"":null,""SiNoHayDato"":null,""NombreHomologado"":""oin_vigenteapartirde"",""InfoExtraJson"":null,""CodigoHomologacion"":null,""AnchoColumna"":0,""CustomMostrarWeb"":""oin_vigenteapartirde / Vigente a partir de""},{""IdHomologacion"":148,""IdHomologacionGrupo"":null,""MostrarWebOrden"":8,""MostrarWeb"":""IdOrganismoInspeccion"",""TooltipWeb"":""IdOrganismoInspeccion"",""MascaraDato"":null,""SiNoHayDato"":null,""NombreHomologado"":""IdOrganismoInspeccion"",""InfoExtraJson"":null,""CodigoHomologacion"":null,""AnchoColumna"":0,""CustomMostrarWeb"":""IdOrganismoInspeccion / IdOrganismoInspeccion""},{""IdHomologacion"":149,""IdHomologacionGrupo"":null,""MostrarWebOrden"":9,""MostrarWeb"":""OinFechaRegistro"",""TooltipWeb"":""OinFechaRegistro"",""MascaraDato"":null,""SiNoHayDato"":null,""NombreHomologado"":""OinFechaRegistro"",""InfoExtraJson"":null,""CodigoHomologacion"":null,""AnchoColumna"":0,""CustomMostrarWeb"":""OinFechaRegistro / OinFechaRegistro""},{""IdHomologacion"":142,""IdHomologacionGrupo"":null,""MostrarWebOrden"":10,""MostrarWeb"":""IdOrganizacion"",""TooltipWeb"":""IdOrganizacion"",""MascaraDato"":null,""SiNoHayDato"":null,""NombreHomologado"":""IdOrganizacion"",""InfoExtraJson"":null,""CodigoHomologacion"":null,""AnchoColumna"":0,""CustomMostrarWeb"":""IdOrganizacion / IdOrganizacion""}]";  VS_OrganismoInspeccion;A;14/7/2024 17:42;14/7/2024 17:42;1;0;;
7;6;Laboratorios de Ensayo;Esquema de Laboratorios de Ensayo;"[{""IdHomologacion"":80,""IdHomologacionGrupo"":null,""MostrarWebOrden"":0,""MostrarWeb"":""Lugar de ejecución"",""TooltipWeb"":""help Lugar de ejecución"",""MascaraDato"":null,""SiNoHayDato"":null,""NombreHomologado"":""EsyLugarEjecucion"",""InfoExtraJson"":null,""CodigoHomologacion"":null,""AnchoColumna"":0,""CustomMostrarWeb"":""EsyLugarEjecucion / Lugar de ejecución""},{""IdHomologacion"":81,""IdHomologacionGrupo"":null,""MostrarWebOrden"":1,""MostrarWeb"":""Tipo de ensayo"",""TooltipWeb"":""Help Tipo de ensayo"",""MascaraDato"":null,""SiNoHayDato"":null,""NombreHomologado"":""EsyTipoEnsayo"",""InfoExtraJson"":null,""CodigoHomologacion"":null,""AnchoColumna"":0,""CustomMostrarWeb"":""EsyTipoEnsayo / Tipo de ensayo""},{""IdHomologacion"":82,""IdHomologacionGrupo"":null,""MostrarWebOrden"":2,""MostrarWeb"":""Ensayo"",""TooltipWeb"":""Help Ensayo"",""MascaraDato"":null,""SiNoHayDato"":null,""NombreHomologado"":""EsyEnsayo"",""InfoExtraJson"":null,""CodigoHomologacion"":null,""AnchoColumna"":0,""CustomMostrarWeb"":""EsyEnsayo / Ensayo""},{""IdHomologacion"":83,""IdHomologacionGrupo"":null,""MostrarWebOrden"":3,""MostrarWeb"":""Muestra/Matriz"",""TooltipWeb"":""Help Muestra/Matriz"",""MascaraDato"":null,""SiNoHayDato"":null,""NombreHomologado"":""EsyMuestra"",""InfoExtraJson"":null,""CodigoHomologacion"":null,""AnchoColumna"":0,""CustomMostrarWeb"":""EsyMuestra / Muestra/Matriz""},{""IdHomologacion"":84,""IdHomologacionGrupo"":null,""MostrarWebOrden"":4,""MostrarWeb"":""Técnica"",""TooltipWeb"":""Help Técnica"",""MascaraDato"":null,""SiNoHayDato"":null,""NombreHomologado"":""EsyTecnica"",""InfoExtraJson"":null,""CodigoHomologacion"":null,""AnchoColumna"":0,""CustomMostrarWeb"":""EsyTecnica / Técnica""},{""IdHomologacion"":85,""IdHomologacionGrupo"":null,""MostrarWebOrden"":5,""MostrarWeb"":""Intervalo de medición "",""TooltipWeb"":""Help Intervalo de medición "",""MascaraDato"":null,""SiNoHayDato"":null,""NombreHomologado"":""EsyIntervaloMedicion"",""InfoExtraJson"":null,""CodigoHomologacion"":null,""AnchoColumna"":0,""CustomMostrarWeb"":""EsyIntervaloMedicion / Intervalo de medición ""},{""IdHomologacion"":86,""IdHomologacionGrupo"":null,""MostrarWebOrden"":6,""MostrarWeb"":""Método / método de referencia / Procedimiento"",""TooltipWeb"":""Help Método / método de referencia / Procedimiento"",""MascaraDato"":null,""SiNoHayDato"":null,""NombreHomologado"":""EsyMetodo"",""InfoExtraJson"":null,""CodigoHomologacion"":null,""AnchoColumna"":0,""CustomMostrarWeb"":""EsyMetodo / Método / método de referencia / Procedimiento""},{""IdHomologacion"":87,""IdHomologacionGrupo"":null,""MostrarWebOrden"":7,""MostrarWeb"":""Vigente a partir de"",""TooltipWeb"":""Help Vigente a partir de"",""MascaraDato"":null,""SiNoHayDato"":null,""NombreHomologado"":""EsyVigenteApartirDe"",""InfoExtraJson"":null,""CodigoHomologacion"":null,""AnchoColumna"":0,""CustomMostrarWeb"":""EsyVigenteApartirDe / Vigente a partir de""},{""IdHomologacion"":152,""IdHomologacionGrupo"":null,""MostrarWebOrden"":8,""MostrarWeb"":""IdEnsayo"",""TooltipWeb"":""IdEnsayo"",""MascaraDato"":null,""SiNoHayDato"":null,""NombreHomologado"":""IdEnsayo"",""InfoExtraJson"":null,""CodigoHomologacion"":null,""AnchoColumna"":0,""CustomMostrarWeb"":""IdEnsayo / IdEnsayo""},{""IdHomologacion"":153,""IdHomologacionGrupo"":null,""MostrarWebOrden"":9,""MostrarWeb"":""EsyFechaRegistro"",""TooltipWeb"":""EsyFechaRegistro"",""MascaraDato"":null,""SiNoHayDato"":null,""NombreHomologado"":""EsyFechaRegistro"",""InfoExtraJson"":null,""CodigoHomologacion"":null,""AnchoColumna"":0,""CustomMostrarWeb"":""EsyFechaRegistro / EsyFechaRegistro""},{""IdHomologacion"":142,""IdHomologacionGrupo"":null,""MostrarWebOrden"":10,""MostrarWeb"":""IdOrganizacion"",""TooltipWeb"":""IdOrganizacion"",""MascaraDato"":null,""SiNoHayDato"":null,""NombreHomologado"":""IdOrganizacion"",""InfoExtraJson"":null,""CodigoHomologacion"":null,""AnchoColumna"":0,""CustomMostrarWeb"":""IdOrganizacion / IdOrganizacion""}]"; VS_Ensayo;A;14/7/2024 17:42;14/7/2024 17:42;1;0;;
8;7;Laboratorios Clínicos;Esquema de Laboratorios Clínicos;"[{""IdHomologacion"":88,""IdHomologacionGrupo"":null,""MostrarWebOrden"":0,""MostrarWeb"":""Tipo de ensayo /Análisis"",""TooltipWeb"":""Help Tipo de ensayo /Análisis"",""MascaraDato"":null,""SiNoHayDato"":null,""NombreHomologado"":""ClnTipoEnsayo"",""InfoExtraJson"":null,""CodigoHomologacion"":null,""AnchoColumna"":0,""CustomMostrarWeb"":""ClnTipoEnsayo / Tipo de ensayo /Análisis""},{""IdHomologacion"":89,""IdHomologacionGrupo"":null,""MostrarWebOrden"":1,""MostrarWeb"":""Análisis"",""TooltipWeb"":""Help Análisis"",""MascaraDato"":null,""SiNoHayDato"":null,""NombreHomologado"":""ClnAnalisis"",""InfoExtraJson"":null,""CodigoHomologacion"":null,""AnchoColumna"":0,""CustomMostrarWeb"":""ClnAnalisis / Análisis""},{""IdHomologacion"":90,""IdHomologacionGrupo"":null,""MostrarWebOrden"":2,""MostrarWeb"":""Muestra /Matriz"",""TooltipWeb"":""Help Muestra /Matriz"",""MascaraDato"":null,""SiNoHayDato"":null,""NombreHomologado"":""ClnMuestra"",""InfoExtraJson"":null,""CodigoHomologacion"":null,""AnchoColumna"":0,""CustomMostrarWeb"":""ClnMuestra / Muestra /Matriz""},{""IdHomologacion"":91,""IdHomologacionGrupo"":null,""MostrarWebOrden"":3,""MostrarWeb"":""Intervalo de medición "",""TooltipWeb"":""Help Intervalo de medición "",""MascaraDato"":null,""SiNoHayDato"":null,""NombreHomologado"":""ClnIntervaloMedicion"",""InfoExtraJson"":null,""CodigoHomologacion"":null,""AnchoColumna"":0,""CustomMostrarWeb"":""ClnIntervaloMedicion / Intervalo de medición ""},{""IdHomologacion"":92,""IdHomologacionGrupo"":null,""MostrarWebOrden"":4,""MostrarWeb"":""Técnica"",""TooltipWeb"":""Help Técnica"",""MascaraDato"":null,""SiNoHayDato"":null,""NombreHomologado"":""ClnTecnica"",""InfoExtraJson"":null,""CodigoHomologacion"":null,""AnchoColumna"":0,""CustomMostrarWeb"":""ClnTecnica / Técnica""},{""IdHomologacion"":93,""IdHomologacionGrupo"":null,""MostrarWebOrden"":5,""MostrarWeb"":""Método/Documento normativo/ Método de referencia"",""TooltipWeb"":""Help Método/Documento normativo/ Método de referencia"",""MascaraDato"":null,""SiNoHayDato"":null,""NombreHomologado"":""ClnMetodo"",""InfoExtraJson"":null,""CodigoHomologacion"":null,""AnchoColumna"":0,""CustomMostrarWeb"":""ClnMetodo / Método/Documento normativo/ Método de referencia""},{""IdHomologacion"":94,""IdHomologacionGrupo"":null,""MostrarWebOrden"":6,""MostrarWeb"":""Vigente a partir de"",""TooltipWeb"":""Help Vigente a partir de"",""MascaraDato"":null,""SiNoHayDato"":null,""NombreHomologado"":""ClnVigenteApartirDe"",""InfoExtraJson"":null,""CodigoHomologacion"":null,""AnchoColumna"":0,""CustomMostrarWeb"":""ClnVigenteApartirDe / Vigente a partir de""},{""IdHomologacion"":154,""IdHomologacionGrupo"":null,""MostrarWebOrden"":7,""MostrarWeb"":""IdClinico"",""TooltipWeb"":""IdClinico"",""MascaraDato"":null,""SiNoHayDato"":null,""NombreHomologado"":""IdClinico"",""InfoExtraJson"":null,""CodigoHomologacion"":null,""AnchoColumna"":0,""CustomMostrarWeb"":""IdClinico / IdClinico""},{""IdHomologacion"":155,""IdHomologacionGrupo"":null,""MostrarWebOrden"":8,""MostrarWeb"":""ClnFechaRegistro"",""TooltipWeb"":""ClnFechaRegistro"",""MascaraDato"":null,""SiNoHayDato"":null,""NombreHomologado"":""ClnFechaRegistro"",""InfoExtraJson"":null,""CodigoHomologacion"":null,""AnchoColumna"":0,""CustomMostrarWeb"":""ClnFechaRegistro / ClnFechaRegistro""},{""IdHomologacion"":142,""IdHomologacionGrupo"":null,""MostrarWebOrden"":9,""MostrarWeb"":""IdOrganizacion"",""TooltipWeb"":""IdOrganizacion"",""MascaraDato"":null,""SiNoHayDato"":null,""NombreHomologado"":""IdOrganizacion"",""InfoExtraJson"":null,""CodigoHomologacion"":null,""AnchoColumna"":0,""CustomMostrarWeb"":""IdOrganizacion / IdOrganizacion""}]"; VS_Clinico;A;14/7/2024 17:42;14/7/2024 17:42;1;0;;
9;8;Certificación de Personas;Esquema de Certificación de Personas;"[{""IdHomologacion"":95,""IdHomologacionGrupo"":null,""MostrarWebOrden"":0,""MostrarWeb"":""Tipo de Certificación de personas Especialidad"",""TooltipWeb"":""Help Tipo de Certificación de personas Especialidad"",""MascaraDato"":null,""SiNoHayDato"":null,""NombreHomologado"":""cpr_tipocertificacionpersona"",""InfoExtraJson"":null,""CodigoHomologacion"":null,""AnchoColumna"":0,""CustomMostrarWeb"":""cpr_tipocertificacionpersona / Tipo de Certificación de personas Especialidad""},{""IdHomologacion"":96,""IdHomologacionGrupo"":null,""MostrarWebOrden"":1,""MostrarWeb"":""Categoría"",""TooltipWeb"":""Help Categoría"",""MascaraDato"":null,""SiNoHayDato"":null,""NombreHomologado"":""cpr_categoria"",""InfoExtraJson"":null,""CodigoHomologacion"":null,""AnchoColumna"":0,""CustomMostrarWeb"":""cpr_categoria / Categoría""},{""IdHomologacion"":97,""IdHomologacionGrupo"":null,""MostrarWebOrden"":2,""MostrarWeb"":""Documento Normativo"",""TooltipWeb"":""Help Documento Normativo"",""MascaraDato"":null,""SiNoHayDato"":null,""NombreHomologado"":""cpr_documentonormativo"",""InfoExtraJson"":null,""CodigoHomologacion"":null,""AnchoColumna"":0,""CustomMostrarWeb"":""cpr_documentonormativo / Documento Normativo""},{""IdHomologacion"":98,""IdHomologacionGrupo"":null,""MostrarWebOrden"":3,""MostrarWeb"":""Esquema de Certificación"",""TooltipWeb"":""Help Esquema de Certificación"",""MascaraDato"":null,""SiNoHayDato"":null,""NombreHomologado"":""cpr_esquemacertificacion"",""InfoExtraJson"":null,""CodigoHomologacion"":null,""AnchoColumna"":0,""CustomMostrarWeb"":""cpr_esquemacertificacion / Esquema de Certificación""},{""IdHomologacion"":156,""IdHomologacionGrupo"":null,""MostrarWebOrden"":4,""MostrarWeb"":""IdCertificacionPersona"",""TooltipWeb"":""IdCertificacionPersona"",""MascaraDato"":null,""SiNoHayDato"":null,""NombreHomologado"":""IdCertificacionPersona"",""InfoExtraJson"":null,""CodigoHomologacion"":null,""AnchoColumna"":0,""CustomMostrarWeb"":""IdCertificacionPersona / IdCertificacionPersona""},{""IdHomologacion"":157,""IdHomologacionGrupo"":null,""MostrarWebOrden"":5,""MostrarWeb"":""CprFechaRegistro"",""TooltipWeb"":""CprFechaRegistro"",""MascaraDato"":null,""SiNoHayDato"":null,""NombreHomologado"":""CprFechaRegistro"",""InfoExtraJson"":null,""CodigoHomologacion"":null,""AnchoColumna"":0,""CustomMostrarWeb"":""CprFechaRegistro / CprFechaRegistro""},{""IdHomologacion"":142,""IdHomologacionGrupo"":null,""MostrarWebOrden"":6,""MostrarWeb"":""IdOrganizacion"",""TooltipWeb"":""IdOrganizacion"",""MascaraDato"":null,""SiNoHayDato"":null,""NombreHomologado"":""IdOrganizacion"",""InfoExtraJson"":null,""CodigoHomologacion"":null,""AnchoColumna"":0,""CustomMostrarWeb"":""IdOrganizacion / IdOrganizacion""}]"; VS_CertificacionPersona;A;14/7/2024 17:42;14/7/2024 17:42;1;0;;
10;9;Organismos de Verificación/Validación;Esquema de Organismos de Verificación/Validación;"[{""IdHomologacion"":102,""IdHomologacionGrupo"":null,""MostrarWebOrden"":2,""MostrarWeb"":""Actividad"",""TooltipWeb"":""Help Actividad"",""MascaraDato"":null,""SiNoHayDato"":null,""NombreHomologado"":""ovv_actividad"",""InfoExtraJson"":null,""CodigoHomologacion"":null,""AnchoColumna"":0,""CustomMostrarWeb"":""ovv_actividad / Actividad""},{""IdHomologacion"":103,""IdHomologacionGrupo"":null,""MostrarWebOrden"":3,""MostrarWeb"":""Documento Normativo"",""TooltipWeb"":""Help Documento Normativo"",""MascaraDato"":null,""SiNoHayDato"":null,""NombreHomologado"":""ovv_documentonormativo"",""InfoExtraJson"":null,""CodigoHomologacion"":null,""AnchoColumna"":0,""CustomMostrarWeb"":""ovv_documentonormativo / Documento Normativo""},{""IdHomologacion"":100,""IdHomologacionGrupo"":null,""MostrarWebOrden"":2,""MostrarWeb"":""Programa/esquema"",""TooltipWeb"":""Help Programa/esquema"",""MascaraDato"":null,""SiNoHayDato"":null,""NombreHomologado"":""OvvPrograma"",""InfoExtraJson"":null,""CodigoHomologacion"":null,""AnchoColumna"":0,""CustomMostrarWeb"":""OvvPrograma / Programa/esquema""},{""IdHomologacion"":102,""IdHomologacionGrupo"":null,""MostrarWebOrden"":3,""MostrarWeb"":""Actividad"",""TooltipWeb"":""Help Actividad"",""MascaraDato"":null,""SiNoHayDato"":null,""NombreHomologado"":""OvvActividad"",""InfoExtraJson"":null,""CodigoHomologacion"":null,""AnchoColumna"":0,""CustomMostrarWeb"":""OvvActividad / Actividad""},{""IdHomologacion"":99,""IdHomologacionGrupo"":null,""MostrarWebOrden"":4,""MostrarWeb"":""Tipo de actividad"",""TooltipWeb"":""Help Tipo de actividad"",""MascaraDato"":null,""SiNoHayDato"":null,""NombreHomologado"":""OvvTipoActividad"",""InfoExtraJson"":null,""CodigoHomologacion"":null,""AnchoColumna"":0,""CustomMostrarWeb"":""OvvTipoActividad / Tipo de actividad""},{""IdHomologacion"":158,""IdHomologacionGrupo"":null,""MostrarWebOrden"":5,""MostrarWeb"":""IdVerificacionValidacion"",""TooltipWeb"":""IdVerificacionValidacion"",""MascaraDato"":null,""SiNoHayDato"":null,""NombreHomologado"":""IdVerificacionValidacion"",""InfoExtraJson"":null,""CodigoHomologacion"":null,""AnchoColumna"":0,""CustomMostrarWeb"":""IdVerificacionValidacion / IdVerificacionValidacion""},{""IdHomologacion"":159,""IdHomologacionGrupo"":null,""MostrarWebOrden"":6,""MostrarWeb"":""OvvFechaRegistro"",""TooltipWeb"":""OvvFechaRegistro"",""MascaraDato"":null,""SiNoHayDato"":null,""NombreHomologado"":""OvvFechaRegistro"",""InfoExtraJson"":null,""CodigoHomologacion"":null,""AnchoColumna"":0,""CustomMostrarWeb"":""OvvFechaRegistro / OvvFechaRegistro""},{""IdHomologacion"":142,""IdHomologacionGrupo"":null,""MostrarWebOrden"":7,""MostrarWeb"":""IdOrganizacion"",""TooltipWeb"":""IdOrganizacion"",""MascaraDato"":null,""SiNoHayDato"":null,""NombreHomologado"":""IdOrganizacion"",""InfoExtraJson"":null,""CodigoHomologacion"":null,""AnchoColumna"":0,""CustomMostrarWeb"":""IdOrganizacion / IdOrganizacion""}]"; VS_VerificacionValidacion;A;14/7/2024 17:42;14/7/2024 17:42;1;0;;
11;13;Organismo Nacional de Acreditación;Organismo Nacional de Acreditación;"[{""IdHomologacion"":104,""IdHomologacionGrupo"":null,""MostrarWebOrden"":0,""MostrarWeb"":""ONA"",""TooltipWeb"":""Abreviación de la Organización de Acreditación "",""MascaraDato"":null,""SiNoHayDato"":null,""NombreHomologado"":""OnaAbreviacion"",""InfoExtraJson"":null,""CodigoHomologacion"":null,""AnchoColumna"":0,""CustomMostrarWeb"":""OnaAbreviacion / ONA""},{""IdHomologacion"":41,""IdHomologacionGrupo"":null,""MostrarWebOrden"":1,""MostrarWeb"":""Razón Social ONA"",""TooltipWeb"":""Organismos Nacionales de Acreditación de la Calidad"",""MascaraDato"":null,""SiNoHayDato"":null,""NombreHomologado"":""OnaRazonSocial"",""InfoExtraJson"":null,""CodigoHomologacion"":null,""AnchoColumna"":0,""CustomMostrarWeb"":""OnaRazonSocial / Razón Social ONA""},{""IdHomologacion"":44,""IdHomologacionGrupo"":null,""MostrarWebOrden"":2,""MostrarWeb"":""País"",""TooltipWeb"":""País de ejecución de ONA"",""MascaraDato"":null,""SiNoHayDato"":null,""NombreHomologado"":""OnaPais"",""InfoExtraJson"":null,""CodigoHomologacion"":null,""AnchoColumna"":0,""CustomMostrarWeb"":""OnaPais / País""},{""IdHomologacion"":53,""IdHomologacionGrupo"":null,""MostrarWebOrden"":3,""MostrarWeb"":""Ciudad"",""TooltipWeb"":""Ciudad de ONA"",""MascaraDato"":null,""SiNoHayDato"":null,""NombreHomologado"":""OnaCiudad"",""InfoExtraJson"":null,""CodigoHomologacion"":null,""AnchoColumna"":0,""CustomMostrarWeb"":""OnaCiudad / Ciudad""},{""IdHomologacion"":105,""IdHomologacionGrupo"":null,""MostrarWebOrden"":4,""MostrarWeb"":""Dirección ONA"",""TooltipWeb"":""Dirección del Organismo Nacional de Acreditación"",""MascaraDato"":null,""SiNoHayDato"":null,""NombreHomologado"":""OnaDireccion"",""InfoExtraJson"":null,""CodigoHomologacion"":null,""AnchoColumna"":0,""CustomMostrarWeb"":""OnaDireccion / Dirección ONA""},{""IdHomologacion"":106,""IdHomologacionGrupo"":null,""MostrarWebOrden"":5,""MostrarWeb"":""Página WEB"",""TooltipWeb"":""Página WEB ONA"",""MascaraDato"":null,""SiNoHayDato"":null,""NombreHomologado"":""OnaWeb"",""InfoExtraJson"":null,""CodigoHomologacion"":null,""AnchoColumna"":0,""CustomMostrarWeb"":""OnaWeb / Página WEB""},{""IdHomologacion"":107,""IdHomologacionGrupo"":null,""MostrarWebOrden"":6,""MostrarWeb"":""Correo Electrónico "",""TooltipWeb"":""Correo Electrónico WEB"",""MascaraDato"":null,""SiNoHayDato"":null,""NombreHomologado"":""OnaCorreo"",""InfoExtraJson"":null,""CodigoHomologacion"":null,""AnchoColumna"":0,""CustomMostrarWeb"":""OnaCorreo / Correo Electrónico ""},{""IdHomologacion"":108,""IdHomologacionGrupo"":null,""MostrarWebOrden"":7,""MostrarWeb"":""Teléfono "",""TooltipWeb"":""Teléfono ONA"",""MascaraDato"":null,""SiNoHayDato"":null,""NombreHomologado"":""OnaTelefono"",""InfoExtraJson"":null,""CodigoHomologacion"":null,""AnchoColumna"":0,""CustomMostrarWeb"":""OnaTelefono / Teléfono ""},{""IdHomologacion"":109,""IdHomologacionGrupo"":null,""MostrarWebOrden"":8,""MostrarWeb"":""Icono"",""TooltipWeb"":""Icono ONA"",""MascaraDato"":null,""SiNoHayDato"":null,""NombreHomologado"":""OnaLinkIcono"",""InfoExtraJson"":null,""CodigoHomologacion"":null,""AnchoColumna"":0,""CustomMostrarWeb"":""OnaLinkIcono / Icono""},{""IdHomologacion"":110,""IdHomologacionGrupo"":null,""MostrarWebOrden"":9,""MostrarWeb"":""Logo"",""TooltipWeb"":""Logo ONA"",""MascaraDato"":null,""SiNoHayDato"":null,""NombreHomologado"":""OnaLinkLogo"",""InfoExtraJson"":null,""CodigoHomologacion"":null,""AnchoColumna"":0,""CustomMostrarWeb"":""OnaLinkLogo / Logo""},{""IdHomologacion"":140,""IdHomologacionGrupo"":null,""MostrarWebOrden"":10,""MostrarWeb"":""IdOnaDatos"",""TooltipWeb"":""IdOnaDatos"",""MascaraDato"":null,""SiNoHayDato"":null,""NombreHomologado"":""IdOnaDatos"",""InfoExtraJson"":null,""CodigoHomologacion"":null,""AnchoColumna"":0,""CustomMostrarWeb"":""IdOnaDatos / IdOnaDatos""},{""IdHomologacion"":141,""IdHomologacionGrupo"":null,""MostrarWebOrden"":11,""MostrarWeb"":""OnaFechaRegistro"",""TooltipWeb"":""OnaFechaRegistro"",""MascaraDato"":null,""SiNoHayDato"":null,""NombreHomologado"":""OnaFechaRegistro"",""InfoExtraJson"":null,""CodigoHomologacion"":null,""AnchoColumna"":0,""CustomMostrarWeb"":""OnaFechaRegistro / OnaFechaRegistro""}]";VS_OnaDatos;A;14/7/2024 17:25;14/7/2024 17:25;1;0;;
12;10;Ensayos de Aptitud;Esquema de Ensayos de Aptitud;"[{""IdHomologacion"":111,""IdHomologacionGrupo"":null,""MostrarWebOrden"":0,""MostrarWeb"":""Sector"",""TooltipWeb"":""Sector o nombre del esquema"",""MascaraDato"":null,""SiNoHayDato"":null,""NombreHomologado"":""SyaSector"",""InfoExtraJson"":null,""CodigoHomologacion"":null,""AnchoColumna"":0,""CustomMostrarWeb"":""SyaSector / Sector""},{""IdHomologacion"":124,""IdHomologacionGrupo"":null,""MostrarWebOrden"":1,""MostrarWeb"":""Técnica"",""TooltipWeb"":""Técnica "",""MascaraDato"":null,""SiNoHayDato"":null,""NombreHomologado"":""SyaTecnica"",""InfoExtraJson"":null,""CodigoHomologacion"":null,""AnchoColumna"":0,""CustomMostrarWeb"":""SyaTecnica / Técnica""},{""IdHomologacion"":125,""IdHomologacionGrupo"":null,""MostrarWebOrden"":2,""MostrarWeb"":""Ítem de ensayo de aptitud"",""TooltipWeb"":""Ítem de ensayo de aptitud"",""MascaraDato"":null,""SiNoHayDato"":null,""NombreHomologado"":""SyaItemEnsayo"",""InfoExtraJson"":null,""CodigoHomologacion"":null,""AnchoColumna"":0,""CustomMostrarWeb"":""SyaItemEnsayo / Ítem de ensayo de aptitud""},{""IdHomologacion"":126,""IdHomologacionGrupo"":null,""MostrarWebOrden"":3,""MostrarWeb"":""Mensurando o característica"",""TooltipWeb"":""Mensurando o característica"",""MascaraDato"":null,""SiNoHayDato"":null,""NombreHomologado"":""SyaMensurado"",""InfoExtraJson"":null,""CodigoHomologacion"":null,""AnchoColumna"":0,""CustomMostrarWeb"":""SyaMensurado / Mensurando o característica""},{""IdHomologacion"":127,""IdHomologacionGrupo"":null,""MostrarWebOrden"":4,""MostrarWeb"":""Método"",""TooltipWeb"":""Método para determinar el valor asignado y su incertidumbre"",""MascaraDato"":null,""SiNoHayDato"":null,""NombreHomologado"":""SyaMetodo"",""InfoExtraJson"":null,""CodigoHomologacion"":null,""AnchoColumna"":0,""CustomMostrarWeb"":""SyaMetodo / Método""},{""IdHomologacion"":160,""IdHomologacionGrupo"":null,""MostrarWebOrden"":5,""MostrarWeb"":""IdEnsayoAptitud"",""TooltipWeb"":""IdEnsayoAptitud"",""MascaraDato"":null,""SiNoHayDato"":null,""NombreHomologado"":""IdEnsayoAptitud"",""InfoExtraJson"":null,""CodigoHomologacion"":null,""AnchoColumna"":0,""CustomMostrarWeb"":""IdEnsayoAptitud / IdEnsayoAptitud""},{""IdHomologacion"":161,""IdHomologacionGrupo"":null,""MostrarWebOrden"":6,""MostrarWeb"":""SyaFechaRegistro"",""TooltipWeb"":""SyaFechaRegistro"",""MascaraDato"":null,""SiNoHayDato"":null,""NombreHomologado"":""SyaFechaRegistro"",""InfoExtraJson"":null,""CodigoHomologacion"":null,""AnchoColumna"":0,""CustomMostrarWeb"":""SyaFechaRegistro / SyaFechaRegistro""}]"; VS_EnsayoAptitud;A;14/7/2024 17:43;14/7/2024 17:43;1;0;;
13;12;Muestreo;Esquema de Muestreo;"[{""IdHomologacion"":134,""IdHomologacionGrupo"":null,""MostrarWebOrden"":0,""MostrarWeb"":""Sitio o instalación del muestreo"",""TooltipWeb"":""Sitio o instalación del muestreo"",""MascaraDato"":null,""SiNoHayDato"":null,""NombreHomologado"":""MtrSitio"",""InfoExtraJson"":null,""CodigoHomologacion"":null,""AnchoColumna"":0,""CustomMostrarWeb"":""MtrSitio / Sitio o instalación del muestreo""},{""IdHomologacion"":135,""IdHomologacionGrupo"":null,""MostrarWebOrden"":1,""MostrarWeb"":""Ítem muestreado"",""TooltipWeb"":""Ítem muestreado"",""MascaraDato"":null,""SiNoHayDato"":null,""NombreHomologado"":""MtrItemMuestreado"",""InfoExtraJson"":null,""CodigoHomologacion"":null,""AnchoColumna"":0,""CustomMostrarWeb"":""MtrItemMuestreado / Ítem muestreado""},{""IdHomologacion"":136,""IdHomologacionGrupo"":null,""MostrarWebOrden"":2,""MostrarWeb"":""Método de muestreo"",""TooltipWeb"":""Método de muestreo"",""MascaraDato"":null,""SiNoHayDato"":null,""NombreHomologado"":""MtrMetodoMuestreo"",""InfoExtraJson"":null,""CodigoHomologacion"":null,""AnchoColumna"":0,""CustomMostrarWeb"":""MtrMetodoMuestreo / Método de muestreo""},{""IdHomologacion"":137,""IdHomologacionGrupo"":null,""MostrarWebOrden"":3,""MostrarWeb"":""Ensayos"",""TooltipWeb"":""Ensayos"",""MascaraDato"":null,""SiNoHayDato"":null,""NombreHomologado"":""MtrEnsayos"",""InfoExtraJson"":null,""CodigoHomologacion"":null,""AnchoColumna"":0,""CustomMostrarWeb"":""MtrEnsayos / Ensayos""},{""IdHomologacion"":164,""IdHomologacionGrupo"":null,""MostrarWebOrden"":4,""MostrarWeb"":""IdMuestreo"",""TooltipWeb"":""IdMuestreo"",""MascaraDato"":null,""SiNoHayDato"":null,""NombreHomologado"":""IdMuestreo"",""InfoExtraJson"":null,""CodigoHomologacion"":null,""AnchoColumna"":0,""CustomMostrarWeb"":""IdMuestreo / IdMuestreo""},{""IdHomologacion"":165,""IdHomologacionGrupo"":null,""MostrarWebOrden"":5,""MostrarWeb"":""MtrFechaRegistro"",""TooltipWeb"":""MtrFechaRegistro"",""MascaraDato"":null,""SiNoHayDato"":null,""NombreHomologado"":""MtrFechaRegistro"",""InfoExtraJson"":null,""CodigoHomologacion"":null,""AnchoColumna"":0,""CustomMostrarWeb"":""MtrFechaRegistro / MtrFechaRegistro""},{""IdHomologacion"":142,""IdHomologacionGrupo"":null,""MostrarWebOrden"":6,""MostrarWeb"":""IdOrganizacion"",""TooltipWeb"":""IdOrganizacion"",""MascaraDato"":null,""SiNoHayDato"":null,""NombreHomologado"":""IdOrganizacion"",""InfoExtraJson"":null,""CodigoHomologacion"":null,""AnchoColumna"":0,""CustomMostrarWeb"":""IdOrganizacion / IdOrganizacion""}]"; VS_Muestreo;A;14/7/2024 17:43;14/7/2024 17:43;1;0;;
14;11;Productores de materiales de referencia;Esquema de Productores de materiales de referencia;"[{""IdHomologacion"":128,""IdHomologacionGrupo"":null,""MostrarWebOrden"":0,""MostrarWeb"":""Tipo de Material de Referencia"",""TooltipWeb"":""Tipo de Material de Referencia"",""MascaraDato"":null,""SiNoHayDato"":null,""NombreHomologado"":""PmrTipoMaterial"",""InfoExtraJson"":null,""CodigoHomologacion"":null,""AnchoColumna"":0,""CustomMostrarWeb"":""PmrTipoMaterial / Tipo de Material de Referencia""},{""IdHomologacion"":129,""IdHomologacionGrupo"":null,""MostrarWebOrden"":1,""MostrarWeb"":""Nombre del material, matriz o ítem"",""TooltipWeb"":""Nombre del material, matriz o ítem"",""MascaraDato"":null,""SiNoHayDato"":null,""NombreHomologado"":""PmrMaterial"",""InfoExtraJson"":null,""CodigoHomologacion"":null,""AnchoColumna"":0,""CustomMostrarWeb"":""PmrMaterial / Nombre del material, matriz o ítem""},{""IdHomologacion"":130,""IdHomologacionGrupo"":null,""MostrarWebOrden"":2,""MostrarWeb"":""Propiedades, característica"",""TooltipWeb"":""Propiedades, característica"",""MascaraDato"":null,""SiNoHayDato"":null,""NombreHomologado"":""PmrPropiedad"",""InfoExtraJson"":null,""CodigoHomologacion"":null,""AnchoColumna"":0,""CustomMostrarWeb"":""PmrPropiedad / Propiedades, característica""},{""IdHomologacion"":131,""IdHomologacionGrupo"":null,""MostrarWebOrden"":3,""MostrarWeb"":""Caracterización"",""TooltipWeb"":""Caracterización"",""MascaraDato"":null,""SiNoHayDato"":null,""NombreHomologado"":""PmrCaracterizacion"",""InfoExtraJson"":null,""CodigoHomologacion"":null,""AnchoColumna"":0,""CustomMostrarWeb"":""PmrCaracterizacion / Caracterización""},{""IdHomologacion"":132,""IdHomologacionGrupo"":null,""MostrarWebOrden"":4,""MostrarWeb"":""Asignación del valor"",""TooltipWeb"":""Asignación del valor"",""MascaraDato"":null,""SiNoHayDato"":null,""NombreHomologado"":""PmrAsignacionValor"",""InfoExtraJson"":null,""CodigoHomologacion"":null,""AnchoColumna"":0,""CustomMostrarWeb"":""PmrAsignacionValor / Asignación del valor""},{""IdHomologacion"":162,""IdHomologacionGrupo"":null,""MostrarWebOrden"":5,""MostrarWeb"":""IdMaterialReferencia"",""TooltipWeb"":""IdMaterialReferencia"",""MascaraDato"":null,""SiNoHayDato"":null,""NombreHomologado"":""IdMaterialReferencia"",""InfoExtraJson"":null,""CodigoHomologacion"":null,""AnchoColumna"":0,""CustomMostrarWeb"":""IdMaterialReferencia / IdMaterialReferencia""},{""IdHomologacion"":163,""IdHomologacionGrupo"":null,""MostrarWebOrden"":6,""MostrarWeb"":""PmrFechaRegistro"",""TooltipWeb"":""PmrFechaRegistro"",""MascaraDato"":null,""SiNoHayDato"":null,""NombreHomologado"":""PmrFechaRegistro"",""InfoExtraJson"":null,""CodigoHomologacion"":null,""AnchoColumna"":0,""CustomMostrarWeb"":""PmrFechaRegistro / PmrFechaRegistro""},{""IdHomologacion"":142,""IdHomologacionGrupo"":null,""MostrarWebOrden"":7,""MostrarWeb"":""IdOrganizacion"",""TooltipWeb"":""IdOrganizacion"",""MascaraDato"":null,""SiNoHayDato"":null,""NombreHomologado"":""IdOrganizacion"",""InfoExtraJson"":null,""CodigoHomologacion"":null,""AnchoColumna"":0,""CustomMostrarWeb"":""IdOrganizacion / IdOrganizacion""}]";VS_MaterialReferencia;A;14/7/2024 17:43;14/7/2024 17:43;1;0;;
